2016 Postal Area (POA) Code,Index of Relative Socio-economic Disadvantage,,Index of Relative Socio-economic Advantage and Disadvantage,,Index of Economic Resources,,Index of Education and Occupation,
800,1066,9,1096,10,946,2,1089,9
810,1037,8,1052,9,1014,6,1045,8
812,1013,6,1020,7,1013,6,997,6
815,1075,9,1096,10,1075,9,1096,9
820,1073,9,1094,10,1011,6,1085,9
822,650,1,754,1,658,1,880,1
828,970,4,979,5,942,2,993,6
829,972,4,983,5,984,4,918,2
830,989,5,997,6,990,5,967,5
832,1071,9,1075,9,1060,9,1006,7
834,1053,8,1052,9,1087,10,998,6
835,1072,9,1070,9,1120,10,1000,6
836,1049,8,1055,9,1114,10,969,5
837,1001,6,989,6,1043,8,926,3
838,1044,8,1035,8,1067,9,987,6
839,993,5,965,4,917,1,907,2
840,871,1,872,1,919,1,880,1
841,973,4,968,5,1036,8,919,2
845,851,1,875,1,826,1,970,5
846,833,1,844,1,865,1,860,1
847,791,1,830,1,777,1,900,2
850,969,4,975,5,940,2,1010,7
852,628,1,733,1,649,1,870,1
853,1143,10,1081,9,1013,6,1045,8
854,718,1,784,1,651,1,894,1
860,857,1,891,1,828,1,969,5
862,742,1,789,1,735,1,821,1
870,1019,7,1024,8,988,5,1036,8
872,565,1,690,1,584,1,841,1
873,870,1,913,2,913,1,942,3
874,1117,10,1110,10,1001,5,1129,10
875,972,4,977,5,943,2,1005,7
880,895,1,934,3,818,1,997,6
885,1092,10,1076,9,990,5,1077,9
886,1024,7,1010,7,921,1,1037,8
2000,977,4,1065,9,804,1,1128,10
2007,945,3,1033,8,737,1,1125,10
2008,1001,6,1085,9,784,1,1175,10
2009,1049,8,1113,10,919,1,1148,10
2010,1047,8,1116,10,905,1,1158,10
2011,1049,8,1104,10,886,1,1162,10
2015,1097,10,1148,10,996,5,1163,10
2016,993,5,1063,9,890,1,1105,9
2017,992,5,1069,9,853,1,1138,10
2018,990,5,1022,7,945,2,1038,8
2019,1047,8,1068,9,1036,8,1045,8
2020,1037,8,1073,9,968,3,1067,9
2021,1108,10,1161,10,1016,6,1189,10
2022,1075,9,1126,10,990,5,1154,10
2023,1121,10,1171,10,1084,10,1186,10
2024,1097,10,1146,10,1048,8,1163,10
2025,1112,10,1163,10,1052,8,1194,10
2026,1089,10,1140,10,989,5,1161,10
2027,1115,10,1162,10,1022,7,1198,10
2028,1108,10,1160,10,1015,6,1195,10
2029,1104,10,1147,10,1043,8,1169,10
2030,1119,10,1167,10,1120,10,1180,10
2031,1090,10,1137,10,1007,6,1158,10
2032,981,4,1044,8,870,1,1105,9
2033,1055,9,1106,10,946,2,1144,10
2034,1074,9,1124,10,994,5,1146,10
2035,1039,8,1076,9,997,5,1096,9
2036,1014,6,1035,8,1001,5,1032,8
2037,1023,7,1084,9,906,1,1149,10
2038,1096,10,1145,10,1029,7,1173,10
2039,1117,10,1171,10,1071,9,1188,10
2040,1069,9,1121,10,1032,7,1147,10
2041,1099,10,1154,10,1046,8,1188,10
2042,1071,9,1123,10,953,2,1161,10
2043,1099,10,1157,10,994,5,1181,10
2044,1038,8,1077,9,1010,6,1083,9
2045,1070,9,1103,10,1078,9,1107,10
2046,1064,9,1100,10,1040,8,1106,9
2047,1096,10,1137,10,1044,8,1151,10
2048,1081,10,1128,10,1000,5,1160,10
2049,1059,9,1102,10,985,4,1131,10
2050,1078,9,1140,10,921,1,1206,10
2052,1007,6,1081,9,899,1,1151,10
2060,1108,10,1159,10,982,4,1201,10
2061,1091,10,1152,10,959,3,1204,10
2062,1110,10,1159,10,1040,8,1191,10
2063,1133,10,1181,10,1139,10,1183,10
2064,1071,9,1123,10,993,5,1156,10
2065,1112,10,1163,10,1023,7,1190,10
2066,1107,10,1150,10,1072,9,1167,10
2067,1047,8,1105,10,971,3,1142,10
2068,1106,10,1154,10,1109,10,1156,10
2069,1126,10,1170,10,1130,10,1174,10
2070,1117,10,1163,10,1115,10,1172,10
2071,1110,10,1156,10,1109,10,1169,10
2072,1098,10,1146,10,1076,9,1168,10
2073,1128,10,1178,10,1152,10,1175,10
2074,1122,10,1164,10,1134,10,1167,10
2075,1126,10,1170,10,1150,10,1166,10
2076,1111,10,1152,10,1128,10,1154,10
2077,1056,9,1080,9,1012,6,1101,9
2079,1097,10,1111,10,1124,10,1091,9
2080,1089,10,1097,10,1107,10,1082,9
2081,1115,10,1123,10,1134,10,1090,9
2082,1105,10,1107,10,1119,10,1088,9
2083,1052,8,1057,9,1042,8,1070,9
2084,1107,10,1129,10,1155,10,1091,9
2085,1107,10,1134,10,1149,10,1109,10
2086,1114,10,1145,10,1152,10,1117,10
2087,1098,10,1130,10,1123,10,1120,10
2088,1115,10,1165,10,1076,9,1188,10
2089,1107,10,1155,10,998,5,1190,10
2090,1112,10,1160,10,1031,7,1191,10
2092,1127,10,1179,10,1164,10,1168,10
2093,1105,10,1145,10,1104,10,1144,10
2094,1117,10,1160,10,1071,9,1172,10
2095,1097,10,1147,10,1007,6,1175,10
2096,1111,10,1145,10,1076,9,1146,10
2097,1101,10,1120,10,1117,10,1090,9
2099,1050,8,1069,9,1037,8,1063,9
2100,1084,10,1109,10,1111,10,1084,9
2101,1076,9,1093,10,1080,10,1079,9
2102,1100,10,1123,10,1124,10,1097,9
2103,1090,10,1101,10,1090,10,1084,9
2104,1096,10,1119,10,1102,10,1124,10
2105,1106,10,1131,10,1110,10,1144,10
2106,1098,10,1120,10,1105,10,1118,10
2107,1111,10,1136,10,1141,10,1127,10
2108,1103,10,1132,10,1089,10,1166,10
2109,1022,7,1091,10,851,1,1165,10
2110,1105,10,1151,10,1110,10,1161,10
2111,1079,10,1114,10,1053,8,1130,10
2112,1059,9,1086,9,1025,7,1096,9
2113,1070,9,1099,10,1027,7,1113,10
2114,1059,9,1083,9,1004,6,1101,9
2115,1007,6,1030,8,1006,6,1038,8
2116,1000,6,1022,7,980,4,1036,8
2117,1016,7,1041,8,1006,6,1058,8
2118,1059,9,1086,9,1047,8,1097,9
2119,1127,10,1164,10,1145,10,1161,10
2120,1105,10,1131,10,1107,10,1133,10
2121,1084,10,1120,10,1045,8,1139,10
2122,1040,8,1077,9,987,4,1113,10
2125,1125,10,1159,10,1155,10,1143,10
2126,1113,10,1145,10,1133,10,1133,10
2127,1094,10,1129,10,1015,6,1147,10
2128,1001,6,1023,8,968,3,1027,7
2130,1062,9,1095,10,974,4,1137,10
2131,1005,6,1038,8,923,1,1077,9
2132,1030,7,1065,9,1017,6,1077,9
2133,1025,7,1043,8,1019,7,1047,8
2134,972,4,1034,8,877,1,1075,9
2135,1032,7,1078,9,975,4,1100,9
2136,1031,7,1056,9,1015,6,1057,8
2137,1073,9,1102,10,1046,8,1104,9
2138,1062,9,1112,10,972,3,1144,10
2140,1013,6,1047,8,922,1,1073,9
2141,949,3,989,6,952,2,992,6
2142,909,2,941,3,898,1,963,5
2143,927,2,958,4,951,2,965,5
2144,859,1,909,2,877,1,916,2
2145,1016,7,1027,8,992,5,1023,7
2146,1026,7,1026,8,1010,6,1011,7
2147,1004,6,1004,7,1004,6,993,6
2148,975,4,973,5,973,3,959,4
2150,1001,6,1034,8,877,1,1073,9
2151,1039,8,1061,9,1001,5,1083,9
2152,1048,8,1061,9,1016,6,1077,9
2153,1096,10,1115,10,1105,10,1097,9
2154,1097,10,1127,10,1112,10,1117,10
2155,1112,10,1144,10,1167,10,1093,9
2156,1118,10,1135,10,1160,10,1101,9
2157,1078,9,1080,9,1132,10,1041,8
2158,1093,10,1115,10,1133,10,1094,9
2159,1095,10,1106,10,1137,10,1077,9
2160,908,1,937,3,926,1,949,4
2161,872,1,907,2,919,1,922,2
2162,882,1,913,2,927,1,921,2
2163,764,1,817,1,831,1,851,1
2164,901,1,922,2,966,3,904,2
2165,816,1,866,1,904,1,868,1
2166,788,1,846,1,888,1,841,1
2167,1014,6,1017,7,1008,6,1008,7
2168,857,1,885,1,943,2,873,1
2170,931,2,953,4,974,4,949,4
2171,1031,7,1050,8,1112,10,997,6
2172,1124,10,1146,10,1176,10,1093,9
2173,1083,10,1082,9,1078,9,1046,8
2174,1070,9,1103,10,1146,10,1037,8
2175,1011,6,1012,7,1087,10,953,4
2176,941,3,964,4,1023,7,929,3
2177,876,1,913,2,982,4,886,1
2178,1020,7,1021,7,1095,10,960,4
2179,990,5,999,6,1042,8,953,4
2190,911,2,939,3,958,3,954,4
2191,989,5,1011,7,1007,6,1010,7
2192,915,2,940,3,926,1,948,4
2193,1021,7,1045,8,1008,6,1050,8
2194,917,2,952,4,896,1,975,5
2195,860,1,890,1,863,1,918,2
2196,913,2,939,3,953,2,941,3
2197,912,2,936,3,965,3,934,3
2198,1001,6,1006,7,1039,8,978,5
2199,902,1,928,3,943,2,931,3
2200,892,1,926,2,922,1,949,4
2203,1040,8,1072,9,973,4,1101,9
2204,1007,6,1050,8,962,3,1074,9
2205,1002,6,1042,8,943,2,1049,8
2206,1025,7,1047,8,1045,8,1035,8
2207,1004,6,1023,7,1011,6,1023,7
2208,1004,6,1025,8,1012,6,1018,7
2209,979,4,1004,7,979,4,1011,7
2210,978,4,1001,6,988,5,1008,7
2211,1007,6,1018,7,1012,6,1003,7
2212,990,5,1006,7,1001,5,998,6
2213,1029,7,1037,8,1040,8,1018,7
2214,1061,9,1047,8,1080,9,988,6
2216,991,5,1012,7,951,2,1019,7
2217,1018,7,1036,8,974,4,1045,8
2218,996,5,1015,7,961,3,1028,8
2219,1030,7,1041,8,1016,6,1041,8
2220,979,4,1018,7,932,2,1042,8
2221,1057,9,1082,9,1075,9,1074,9
2222,1015,6,1029,8,982,4,1036,8
2223,1069,9,1082,9,1048,8,1079,9
2224,1065,9,1075,9,1074,9,1056,8
2225,1118,10,1141,10,1153,10,1113,10
2226,1083,10,1102,10,1094,10,1091,9
2227,1086,10,1096,10,1090,10,1068,9
2228,1046,8,1051,9,1030,7,1038,8
2229,1076,9,1088,9,1076,9,1072,9
2230,1083,10,1096,10,1056,9,1092,9
2231,1044,8,1034,8,1084,10,976,5
2232,1072,9,1076,9,1061,9,1067,9
2233,1089,10,1082,9,1106,10,1040,8
2234,1099,10,1108,10,1139,10,1065,9
2250,1007,6,998,6,1005,6,1004,7
2251,1037,8,1028,8,1050,8,1023,7
2256,957,3,950,4,948,2,965,5
2257,980,4,966,5,978,4,969,5
2258,1043,8,1031,8,1052,8,1020,7
2259,975,4,957,4,1009,6,933,3
2260,1075,9,1077,9,1081,10,1074,9
2261,979,4,959,4,986,4,953,4
2262,931,2,906,2,969,3,883,1
2263,909,2,893,1,936,2,895,1
2264,977,4,960,4,994,5,957,4
2265,1006,6,1001,6,1013,6,1013,7
2267,996,5,982,5,999,5,990,6
2278,1000,6,954,4,1041,8,880,1
2280,1008,6,992,6,1014,6,975,5
2281,983,5,963,4,996,5,945,4
2282,1050,8,1038,8,1047,8,1026,7
2283,974,4,958,4,987,4,953,4
2284,951,3,934,3,964,3,929,3
2285,1006,6,983,5,1020,7,953,4
2286,972,4,934,3,1000,5,893,1
2287,991,5,980,5,995,5,974,5
2289,1052,8,1041,8,1025,7,1047,8
2290,1013,6,998,6,1008,6,995,6
2291,1076,9,1089,9,1040,8,1112,10
2292,983,5,980,5,931,2,1015,7
2293,1032,7,1037,8,954,2,1088,9
2294,995,5,995,6,928,2,1039,8
2295,976,4,969,5,991,5,964,5
2296,988,5,995,6,909,1,1063,9
2297,980,4,986,6,940,2,1051,8
2298,966,4,964,4,914,1,1000,6
2299,943,3,954,4,904,1,1002,6
2300,1046,8,1069,9,950,2,1128,10
2302,990,5,1010,7,877,1,1081,9
2303,981,4,1000,6,945,2,1040,8
2304,955,3,952,4,919,1,990,6
2305,1042,8,1042,8,1014,6,1063,9
2306,660,1,698,1,726,1,759,1
2307,938,2,921,2,914,1,933,3
2311,955,3,946,3,1008,6,953,4
2312,939,2,909,2,1000,5,885,1
2315,998,6,980,5,994,5,983,6
2316,997,5,971,5,1016,6,954,4
2317,993,5,965,4,987,4,956,4
2318,1033,7,1010,7,1063,9,964,5
2319,942,3,914,2,968,3,892,1
2320,987,5,971,5,1014,6,941,3
2321,1017,7,995,6,1048,8,956,4
2322,965,4,941,3,1002,5,898,1
2323,975,4,961,4,984,4,954,4
2324,933,2,915,2,965,3,898,1
2325,910,2,894,1,953,2,880,1
2326,893,1,872,1,958,3,836,1
2327,893,1,866,1,925,1,840,1
2328,958,3,936,3,1000,5,896,1
2329,930,2,917,2,968,3,916,2
2330,986,5,965,4,1014,6,912,2
2331,1058,9,1033,8,1079,9,997,6
2333,924,2,912,2,957,3,880,1
2334,955,3,922,2,1003,5,859,1
2335,1017,7,994,6,1055,9,944,4
2336,975,4,943,3,1008,6,885,1
2337,997,5,980,5,1020,7,949,4
2338,930,2,921,2,960,3,936,3
2339,972,4,962,4,1026,7,954,4
2340,965,4,951,4,978,4,948,4
2341,821,1,813,1,890,1,817,1
2342,1000,6,990,6,1040,8,991,6
2343,930,2,923,2,964,3,928,3
2344,1041,8,1013,7,1070,9,996,6
2345,986,5,962,4,1048,8,926,3
2346,893,1,886,1,944,2,901,2
2347,902,1,899,1,938,2,933,3
2350,993,5,990,6,961,3,1034,8
2352,981,5,948,4,1011,6,926,3
2353,975,4,942,3,1004,6,923,2
2354,983,5,973,5,1004,6,997,6
2355,936,2,927,3,978,4,940,3
2356,795,1,829,1,887,1,883,1
2357,916,2,910,2,940,2,949,4
2358,966,4,947,4,978,4,966,5
2359,891,1,894,1,955,2,921,2
2360,919,2,905,2,946,2,919,2
2361,859,1,869,1,934,2,915,2
2365,960,3,946,3,992,5,951,4
2369,829,1,833,1,909,1,856,1
2370,917,2,910,2,942,2,936,3
2371,895,1,894,1,940,2,932,3
2372,925,2,910,2,949,2,931,3
2379,1008,6,1017,7,1037,8,1054,8
2380,958,3,943,3,986,4,924,2
2381,934,2,929,3,988,5,927,3
2382,920,2,909,2,968,3,902,2
2386,995,5,992,6,1017,6,1000,6
2387,979,4,993,6,1001,5,1022,7
2388,927,2,920,2,953,2,934,3
2390,970,4,950,4,984,4,937,3
2395,838,1,854,1,917,1,914,2
2396,860,1,873,1,911,1,919,2
2397,983,5,982,5,1003,5,1001,6
2398,1010,6,1002,6,1033,7,1014,7
2399,979,4,959,4,1019,7,957,4
2400,929,2,925,2,943,2,933,3
2401,999,6,997,6,1042,8,1005,7
2402,916,2,908,2,959,3,926,3
2403,924,2,922,2,1003,5,961,4
2404,914,2,910,2,947,2,946,4
2405,1008,6,1007,7,1040,8,1023,7
2406,932,2,938,3,949,2,963,5
2408,1029,7,1022,7,1032,7,1030,8
2409,700,1,767,1,796,1,856,1
2410,934,2,937,3,963,3,960,4
2411,1035,8,1027,8,1030,7,1023,7
2415,969,4,963,4,1005,6,957,4
2420,957,3,942,3,988,4,946,4
2421,1050,8,1036,8,1089,10,998,6
2422,936,2,923,2,965,3,937,3
2423,915,2,897,1,965,3,916,2
2424,856,1,866,1,928,2,890,1
2425,963,3,945,3,1008,6,931,3
2426,908,1,888,1,944,2,893,1
2427,930,2,911,2,965,3,904,2
2428,928,2,908,2,947,2,919,2
2429,923,2,906,2,962,3,913,2
2430,920,2,906,2,945,2,918,2
2431,943,3,918,2,965,3,914,2
2439,985,5,953,4,1018,7,936,3
2440,873,1,865,1,925,1,883,1
2441,941,3,928,3,986,4,937,3
2443,919,2,899,1,944,2,904,2
2444,983,5,969,5,978,4,984,6
2445,1017,7,992,6,1034,7,987,6
2446,961,3,938,3,999,5,926,3
2447,939,2,919,2,968,3,920,2
2448,893,1,888,1,919,1,922,2
2449,862,1,858,1,919,1,909,2
2450,974,4,961,4,978,4,969,5
2452,943,3,925,2,948,2,931,3
2453,944,3,932,3,972,3,960,4
2454,981,4,973,5,984,4,1023,7
2455,935,2,919,2,944,2,934,3
2456,970,4,957,4,988,5,958,4
2460,913,2,897,1,945,2,906,2
2462,911,2,891,1,949,2,898,1
2463,954,3,927,3,982,4,925,3
2464,971,4,951,4,964,3,976,5
2465,940,3,920,2,953,2,926,3
2466,882,1,863,1,915,1,881,1
2469,885,1,883,1,951,2,920,2
2470,893,1,876,1,944,2,859,1
2471,922,2,905,2,979,4,907,2
2472,933,2,907,2,970,3,908,2
2473,930,2,916,2,929,2,945,4
2474,913,2,905,2,945,2,937,3
2475,836,1,848,1,918,1,936,3
2476,907,1,905,2,955,2,937,3
2477,1008,6,989,6,1008,6,1000,6
2478,998,6,984,6,991,5,995,6
2479,1051,8,1053,9,1056,9,1087,9
2480,956,3,945,3,959,3,970,5
2481,1024,7,1030,8,1003,5,1066,9
2482,969,4,966,5,971,3,1022,7
2483,975,4,966,5,976,4,1008,7
2484,954,3,941,3,978,4,960,4
2485,932,2,916,2,926,1,930,3
2486,975,4,951,4,991,5,940,3
2487,1012,6,1008,7,1015,6,1014,7
2488,987,5,968,5,987,4,972,5
2489,1013,6,992,6,1023,7,988,6
2490,1010,6,994,6,1035,8,989,6
2500,989,5,1008,7,917,1,1061,9
2502,840,1,853,1,895,1,853,1
2505,893,1,897,1,921,1,886,1
2506,886,1,881,1,921,1,874,1
2508,1085,10,1081,9,1107,10,1052,8
2515,1089,10,1103,10,1083,10,1115,10
2516,1052,8,1064,9,1062,9,1074,9
2517,1021,7,1021,7,1018,7,1031,8
2518,957,3,956,4,948,2,976,5
2519,1000,6,1005,7,987,4,1023,7
2522,996,5,1049,8,926,1,1099,9
2525,1042,8,1040,8,1051,8,1035,8
2526,1014,6,1005,7,1027,7,991,6
2527,996,5,967,5,1026,7,925,2
2528,902,1,889,1,927,2,880,1
2529,1022,7,1008,7,1048,8,969,5
2530,986,5,963,4,1010,6,928,3
2533,1063,9,1053,9,1055,9,1058,8
2534,1066,9,1063,9,1063,9,1076,9
2535,1037,8,1022,7,1035,7,1042,8
2536,952,3,927,3,966,3,929,3
2537,985,5,959,4,983,4,973,5
2538,1035,8,1005,7,1035,8,1010,7
2539,967,4,937,3,980,4,939,3
2540,975,4,952,4,997,5,947,4
2541,908,1,899,1,930,2,922,2
2545,957,3,932,3,975,4,949,4
2546,956,3,933,3,963,3,962,4
2548,1002,6,971,5,985,4,977,5
2549,995,5,968,5,1007,6,968,5
2550,975,4,952,4,989,5,961,4
2551,911,2,889,1,928,2,892,1
2555,918,2,938,3,1001,5,930,3
2556,1013,6,1001,6,1082,10,938,3
2557,1051,8,1062,9,1122,10,996,6
2558,991,5,972,5,1028,7,932,3
2559,590,1,671,1,693,1,752,1
2560,951,3,946,3,979,4,929,3
2563,993,5,975,5,1000,5,928,3
2564,882,1,888,1,912,1,888,1
2565,993,5,993,6,1004,6,972,5
2566,971,4,963,4,1004,6,934,3
2567,1054,9,1051,9,1106,10,994,6
2568,1085,10,1073,9,1100,10,1031,8
2569,1063,9,1055,9,1112,10,1007,7
2570,1061,9,1060,9,1104,10,1013,7
2571,1063,9,1057,9,1117,10,1006,7
2572,1026,7,1007,7,1063,9,965,5
2573,968,4,947,4,1007,6,916,2
2574,1015,6,994,6,1069,9,946,4
2575,1022,7,1001,6,1045,8,989,6
2576,1063,9,1065,9,1059,9,1086,9
2577,1022,7,1007,7,1038,8,1008,7
2578,1035,8,1018,7,1030,7,1046,8
2579,1006,6,988,6,1041,8,982,6
2580,963,4,949,4,981,4,949,4
2581,1035,8,1032,8,1071,9,1032,8
2582,1052,8,1051,9,1082,10,1043,8
2583,983,5,967,5,1015,6,977,5
2584,989,5,974,5,1020,7,1018,7
2585,979,4,978,5,978,4,1021,7
2586,968,4,955,4,995,5,973,5
2587,942,3,928,3,974,4,945,4
2588,989,5,994,6,1015,6,1053,8
2590,936,2,921,2,961,3,927,3
2594,946,3,926,2,965,3,924,2
2600,1118,10,1157,10,1073,9,1188,10
2601,1106,10,1160,10,935,2,1234,10
2602,1063,9,1091,10,993,5,1149,10
2603,1099,10,1139,10,1053,8,1172,10
2604,1081,10,1117,10,996,5,1171,10
2605,1098,10,1127,10,1071,9,1155,10
2606,1059,9,1077,9,986,4,1122,10
2607,1086,10,1107,10,1061,9,1133,10
2609,912,2,902,2,898,1,910,2
2611,1089,10,1107,10,1074,9,1132,10
2612,1084,10,1120,10,958,3,1183,10
2614,1069,9,1085,9,1029,7,1124,10
2615,1052,8,1051,9,1040,8,1063,9
2617,1072,9,1083,9,1011,6,1111,10
2618,1119,10,1121,10,1142,10,1095,9
2619,1124,10,1146,10,1149,10,1119,10
2620,1035,8,1034,8,1031,7,1025,7
2621,1107,10,1121,10,1145,10,1096,9
2622,1012,6,1002,6,1022,7,1031,8
2623,993,5,980,5,990,5,969,5
2625,1091,10,1064,9,978,4,1099,9
2626,1045,8,1030,8,1082,10,1020,7
2627,1068,9,1034,8,1029,7,1026,7
2628,1009,6,980,5,1015,6,989,6
2629,993,5,973,5,1005,6,1000,6
2630,982,5,962,4,982,4,968,5
2631,974,4,959,4,999,5,979,5
2632,958,3,938,3,979,4,934,3
2633,896,1,902,2,952,2,935,3
2640,1001,6,987,6,982,4,998,6
2641,901,1,882,1,911,1,875,1
2642,1024,7,1001,6,1049,8,994,6
2643,976,4,940,3,987,4,910,2
2644,964,4,953,4,992,5,980,5
2645,918,2,910,2,971,3,927,3
2646,958,3,935,3,970,3,922,2
2647,979,4,947,4,983,4,939,3
2648,918,2,909,2,947,2,923,2
2649,1005,6,985,6,1045,8,1002,6
2650,993,5,977,5,988,5,978,5
2651,1000,6,958,4,979,4,940,3
2652,1002,6,979,5,1039,8,968,5
2653,944,3,928,3,985,4,919,2
2655,998,6,971,5,1026,7,962,5
2656,965,4,955,4,991,5,981,6
2658,938,2,933,3,972,3,964,5
2659,973,4,950,4,1001,5,930,3
2660,949,3,936,3,980,4,956,4
2661,1159,10,1100,10,1057,9,1076,9
2663,917,2,901,2,960,3,880,1
2665,975,4,964,4,1009,6,993,6
2666,962,3,941,3,985,4,940,3
2668,893,1,899,2,981,4,936,3
2669,987,5,984,6,1036,8,1006,7
2671,978,4,952,4,996,5,936,3
2672,927,2,917,2,941,2,938,3
2675,962,3,951,4,972,3,936,3
2680,957,3,942,3,975,4,917,2
2681,992,5,958,4,1003,5,919,2
2700,917,2,907,2,946,2,914,2
2701,991,5,974,5,1028,7,981,6
2702,948,3,930,3,975,4,910,2
2703,938,2,917,2,941,2,917,2
2705,954,3,936,3,978,4,916,2
2706,901,1,888,1,933,2,887,1
2707,989,5,979,5,995,5,995,6
2710,952,3,937,3,967,3,944,4
2711,947,3,933,3,970,3,933,3
2712,940,2,926,2,961,3,929,3
2713,949,3,934,3,967,3,950,4
2714,957,3,936,3,970,3,944,4
2715,926,2,915,2,953,2,909,2
2716,972,4,951,4,975,4,963,5
2717,883,1,884,1,928,2,899,1
2720,954,3,934,3,972,3,927,3
2721,1000,6,1004,7,1057,9,1054,8
2722,948,3,925,2,979,4,911,2
2725,921,2,917,2,998,5,948,4
2726,1020,7,999,6,1057,9,1002,6
2727,1028,7,1008,7,1054,8,988,6
2729,973,4,957,4,1009,6,943,3
2730,906,1,897,1,943,2,893,1
2731,1012,6,984,5,1011,6,976,5
2732,964,4,949,4,974,4,969,5
2733,936,2,928,3,965,3,941,3
2734,1071,9,1049,8,1066,9,1035,8
2735,963,4,945,3,1002,5,928,3
2736,989,5,982,5,1003,5,1005,7
2737,973,4,951,4,998,5,931,3
2738,1044,8,1019,7,1044,8,1013,7
2739,983,5,962,4,988,5,966,5
2745,1066,9,1065,9,1111,10,1007,7
2747,991,5,979,5,1008,6,941,3
2748,1050,8,1049,8,1108,10,984,6
2749,1013,6,999,6,1046,8,953,4
2750,995,5,982,5,992,5,965,5
2752,1038,8,1019,7,1106,10,940,3
2753,1012,6,998,6,1037,8,968,5
2754,1015,7,1001,6,1035,7,980,5
2755,1004,6,991,6,954,2,1030,8
2756,1023,7,1006,7,1057,9,961,4
2757,1058,9,1047,8,1097,10,1012,7
2758,1081,10,1078,9,1133,10,1039,8
2759,1029,7,1006,7,1061,9,938,3
2760,932,2,924,2,952,2,897,1
2761,1008,6,1001,6,1040,8,956,4
2762,1055,9,1059,9,1089,10,1011,7
2763,1051,8,1051,9,1062,9,1019,7
2765,1011,6,1004,7,1048,8,957,4
2766,991,5,984,5,1016,6,942,3
2767,973,4,985,6,1008,6,961,4
2768,1089,10,1117,10,1137,10,1071,9
2769,1119,10,1168,10,1194,10,1109,10
2770,838,1,851,1,886,1,850,1
2773,1104,10,1112,10,1103,10,1121,10
2774,1077,9,1074,9,1080,9,1076,9
2775,986,5,973,5,1013,6,982,6
2776,1070,9,1062,9,1070,9,1069,9
2777,1067,9,1062,9,1068,9,1070,9
2778,1059,9,1051,9,1067,9,1074,9
2779,1036,8,1023,8,1027,7,1058,8
2780,982,5,988,6,958,3,1059,8
2782,1036,8,1032,8,1020,7,1068,9
2783,1014,6,1001,6,1002,5,1029,8
2784,1047,8,1035,8,1042,8,1059,8
2785,1005,6,1003,7,990,5,1068,9
2786,983,5,971,5,975,4,1024,7
2787,958,3,940,3,997,5,920,2
2790,922,2,908,2,947,2,898,1
2791,984,5,960,4,1028,7,951,4
2792,991,5,982,5,1029,7,979,5
2793,908,1,900,2,984,4,914,2
2794,921,2,905,2,950,2,909,2
2795,987,5,974,5,995,5,978,5
2797,953,3,933,3,1002,5,916,2
2798,1069,9,1058,9,1085,10,1057,8
2799,948,3,929,3,979,4,909,2
2800,988,5,979,5,996,5,979,5
2803,984,5,980,5,1035,8,995,6
2804,949,3,942,3,982,4,966,5
2805,926,2,917,2,999,5,911,2
2806,952,3,933,3,998,5,932,3
2807,866,1,855,1,929,2,857,1
2808,941,3,922,2,985,4,935,3
2809,986,5,997,6,1028,7,1057,8
2810,951,3,941,3,988,4,963,5
2817,1004,6,1006,7,1066,9,1031,8
2818,1013,6,987,6,1039,8,975,5
2820,887,1,894,1,930,2,925,3
2821,932,2,925,2,966,3,931,3
2822,976,4,962,4,1030,7,974,5
2823,931,2,933,3,956,3,961,4
2824,918,2,919,2,944,2,941,3
2825,945,3,932,3,954,2,938,3
2826,1074,9,1062,9,1086,10,1081,9
2827,891,1,890,1,940,2,913,2
2828,876,1,898,1,939,2,938,3
2829,873,1,884,1,914,1,926,3
2830,980,4,962,4,990,5,958,4
2831,997,5,984,6,1043,8,991,6
2832,843,1,870,1,862,1,949,4
2833,799,1,843,1,837,1,927,3
2834,795,1,817,1,836,1,894,1
2835,972,4,953,4,980,4,923,2
2836,769,1,827,1,809,1,952,4
2838,723,1,792,1,742,1,899,1
2839,757,1,819,1,766,1,949,4
2840,918,2,933,3,925,1,993,6
2842,878,1,886,1,956,3,931,3
2843,960,3,946,3,980,4,958,4
2844,929,2,929,3,957,3,956,4
2845,922,2,900,2,967,3,859,1
2846,942,3,939,3,979,4,966,5
2847,910,2,888,1,964,3,855,1
2848,796,1,798,1,870,1,821,1
2849,959,3,946,3,981,4,968,5
2850,979,4,959,4,1003,5,940,3
2852,943,3,922,2,980,4,899,1
2864,1027,7,1011,7,1056,9,1015,7
2865,959,3,939,3,994,5,914,2
2866,1001,6,982,5,1017,6,982,6
2867,958,3,957,4,1024,7,970,5
2868,909,2,911,2,953,2,928,3
2869,882,1,889,1,931,2,934,3
2870,947,3,930,3,958,3,931,3
2871,952,3,936,3,970,3,944,4
2873,987,5,981,5,997,5,1025,7
2874,979,4,982,5,1022,7,1019,7
2875,944,3,948,4,1000,5,981,6
2876,985,5,983,5,1025,7,1018,7
2877,900,1,901,2,936,2,923,2
2878,941,3,941,3,975,4,947,4
2879,835,1,862,1,875,1,905,2
2880,905,1,892,1,923,1,900,2
2898,1060,9,1028,8,1013,6,1019,7
2899,1010,6,975,5,999,5,995,6
2900,1061,9,1065,9,965,3,1108,10
2902,1052,8,1058,9,1044,8,1080,9
2903,1055,9,1059,9,1046,8,1066,9
2904,1094,10,1103,10,1100,10,1100,9
2905,1051,8,1047,8,1052,8,1038,8
2906,1060,9,1058,9,1069,9,1044,8
2911,1139,10,1171,10,1128,10,1163,10
2912,1072,9,1095,10,1015,6,1106,9
2913,1086,10,1096,10,1067,9,1103,9
2914,1104,10,1127,10,1099,10,1127,10
3000,967,4,1043,8,731,1,1142,10
3002,1119,10,1160,10,992,5,1204,10
3003,1054,9,1101,10,884,1,1161,10
3004,1091,10,1128,10,953,2,1178,10
3005,1062,9,1121,10,922,1,1162,10
3006,1067,9,1117,10,886,1,1167,10
3008,1059,9,1119,10,888,1,1180,10
3011,985,5,1016,7,896,1,1072,9
3012,992,5,1011,7,944,2,1046,8
3013,1069,9,1089,9,1028,7,1106,9
3015,1073,9,1089,9,1044,8,1103,9
3016,1067,9,1091,10,1039,8,1122,10
3018,1034,8,1031,8,994,5,1044,8
3019,828,1,874,1,855,1,905,2
3020,879,1,901,2,914,1,897,1
3021,849,1,870,1,908,1,866,1
3022,896,1,911,2,909,1,920,2
3023,984,5,984,6,1022,7,964,5
3024,987,5,972,5,1005,6,951,4
3025,944,3,955,4,952,2,960,4
3026,610,1,635,1,648,1,683,1
3027,1075,9,1090,10,1084,10,1078,9
3028,975,4,964,4,972,3,955,4
3029,1003,6,992,6,1018,6,969,5
3030,1016,7,1015,7,1028,7,1001,6
3031,972,4,1019,7,896,1,1083,9
3032,1028,7,1052,9,974,4,1081,9
3033,1030,7,1022,7,1033,7,1011,7
3034,999,6,997,6,1009,6,986,6
3036,1073,9,1064,9,1078,9,1044,8
3037,1013,6,1000,6,1043,8,962,4
3038,1025,7,1010,7,1047,8,976,5
3039,1069,9,1089,9,1008,6,1108,10
3040,1079,10,1087,9,1028,7,1099,9
3041,1088,10,1086,9,1055,9,1080,9
3042,1031,7,1021,7,1011,6,1015,7
3043,989,5,972,5,991,5,950,4
3044,1039,8,1039,8,1000,5,1053,8
3045,1061,9,1061,9,1062,9,1057,8
3046,967,4,969,5,952,2,986,6
3047,783,1,821,1,863,1,844,1
3048,815,1,840,1,913,1,846,1
3049,1005,6,988,6,1022,7,959,4
3050,1063,9,1107,10,952,2,1156,10
3051,966,4,1028,8,818,1,1119,10
3052,1058,9,1098,10,911,1,1169,10
3053,930,2,1009,7,736,1,1118,10
3054,1084,10,1120,10,960,3,1173,10
3055,1033,7,1052,9,941,2,1100,9
3056,1052,8,1081,9,942,2,1128,10
3057,1066,9,1091,10,947,2,1140,10
3058,1020,7,1037,8,981,4,1066,9
3059,1058,9,1049,8,1108,10,1005,7
3060,915,2,925,2,931,2,940,3
3061,820,1,844,1,925,1,838,1
3063,1069,9,1059,9,1108,10,1020,7
3064,957,3,957,4,1011,6,938,3
3065,957,3,1022,7,870,1,1091,9
3066,936,2,999,6,844,1,1076,9
3067,1077,9,1114,10,952,2,1159,10
3068,1075,9,1113,10,983,4,1166,10
3070,1064,9,1094,10,998,5,1132,10
3071,1038,8,1057,9,965,3,1099,9
3072,996,5,1011,7,950,2,1048,8
3073,953,3,960,4,934,2,984,6
3074,879,1,888,1,939,2,876,1
3075,897,1,906,2,960,3,893,1
3076,977,4,966,5,997,5,949,4
3078,1080,10,1101,10,1015,6,1131,10
3079,1095,10,1114,10,1054,8,1138,10
3081,923,2,942,3,893,1,1002,6
3082,1014,6,995,6,1018,7,974,5
3083,1010,6,1015,7,982,4,1025,7
3084,1083,10,1088,9,1048,8,1108,10
3085,1071,9,1071,9,1034,7,1089,9
3087,1036,8,1023,7,1018,7,1029,8
3088,1072,9,1059,9,1054,8,1061,9
3089,1092,10,1077,9,1099,10,1055,8
3090,1118,10,1116,10,1165,10,1054,8
3091,1103,10,1097,10,1147,10,1047,8
3093,1102,10,1105,10,1093,10,1100,9
3094,1086,10,1073,9,1054,8,1088,9
3095,1105,10,1104,10,1108,10,1099,9
3096,1081,10,1061,9,1099,10,1044,8
3097,1114,10,1124,10,1136,10,1125,10
3099,1082,10,1065,9,1087,10,1066,9
3101,1100,10,1134,10,1061,9,1163,10
3102,1097,10,1120,10,1069,9,1140,10
3103,1076,9,1106,10,1044,8,1143,10
3104,1084,10,1109,10,1075,9,1128,10
3105,1047,8,1053,9,1042,8,1054,8
3106,1085,10,1098,10,1098,10,1091,9
3107,1064,9,1072,9,1057,9,1080,9
3108,1037,8,1051,9,1012,6,1075,9
3109,1054,8,1064,9,1041,8,1073,9
3111,1083,10,1090,10,1086,10,1086,9
3113,1113,10,1122,10,1135,10,1123,10
3114,1126,10,1141,10,1168,10,1109,10
3115,1110,10,1108,10,1148,10,1064,9
3116,1059,9,1033,8,1067,9,1005,7
3121,1036,8,1081,9,941,2,1118,10
3122,1087,10,1118,10,975,4,1166,10
3123,1095,10,1127,10,1015,6,1168,10
3124,1107,10,1137,10,1073,9,1159,10
3125,1014,6,1050,8,944,2,1104,9
3126,1116,10,1150,10,1091,10,1172,10
3127,1111,10,1138,10,1079,9,1160,10
3128,1016,7,1046,8,939,2,1101,9
3129,1052,8,1068,9,1015,6,1098,9
3130,1060,9,1071,9,1031,7,1100,9
3131,1037,8,1042,8,1003,6,1065,9
3132,1063,9,1065,9,1026,7,1083,9
3133,1070,9,1072,9,1063,9,1072,9
3134,1053,8,1051,8,1036,8,1058,8
3135,1052,8,1046,8,1027,7,1060,9
3136,1041,8,1026,8,1026,7,1028,8
3137,1030,7,1002,6,1029,7,981,6
3138,1036,8,1014,7,1043,8,992,6
3139,1032,7,998,6,1058,9,967,5
3140,1031,7,1006,7,1036,8,985,6
3141,1071,9,1109,10,919,1,1165,10
3142,1112,10,1144,10,1038,8,1183,10
3143,1091,10,1120,10,1000,5,1166,10
3144,1110,10,1146,10,1062,9,1173,10
3145,1088,10,1119,10,1031,7,1149,10
3146,1115,10,1142,10,1075,9,1162,10
3147,1051,8,1080,9,1029,7,1114,10
3148,1026,7,1043,8,971,3,1078,9
3149,1068,9,1081,9,1037,8,1100,9
3150,1062,9,1076,9,1045,8,1090,9
3151,1025,7,1036,8,1005,6,1050,8
3152,1057,9,1054,9,1054,8,1047,8
3153,1010,6,991,6,990,5,993,6
3154,1056,9,1028,8,1059,9,1010,7
3155,1014,6,992,6,993,5,993,6
3156,1049,8,1028,8,1050,8,1010,7
3158,1069,9,1052,9,1062,9,1057,8
3159,1075,9,1063,9,1085,10,1072,9
3160,1069,9,1052,9,1068,9,1065,9
3161,1097,10,1123,10,1029,7,1162,10
3162,1087,10,1112,10,1053,8,1138,10
3163,1064,9,1078,9,974,4,1117,10
3165,1065,9,1072,9,1048,8,1081,9
3166,1036,8,1049,8,990,5,1069,9
3167,1028,7,1027,8,1024,7,1022,7
3168,986,5,1025,8,863,1,1096,9
3169,964,4,970,5,963,3,968,5
3170,1044,8,1041,8,1036,8,1034,8
3171,849,1,888,1,904,1,887,1
3172,959,3,965,4,999,5,940,3
3173,984,5,996,6,1044,8,955,4
3174,896,1,909,2,917,1,913,2
3175,877,1,895,1,905,1,892,1
3177,826,1,844,1,879,1,841,1
3178,1077,9,1063,9,1086,10,1033,8
3179,1044,8,1027,8,1037,8,1011,7
3180,1046,8,1025,8,1030,7,1014,7
3181,1066,9,1102,10,945,2,1150,10
3182,1062,9,1084,9,922,1,1135,10
3183,1069,9,1091,10,956,3,1146,10
3184,1092,10,1116,10,983,4,1162,10
3185,1084,10,1106,10,1014,6,1148,10
3186,1107,10,1144,10,1084,10,1166,10
3187,1094,10,1123,10,1083,10,1139,10
3188,1075,9,1106,10,1057,9,1134,10
3189,1040,8,1048,8,1012,6,1065,9
3190,1057,9,1070,9,1024,7,1099,9
3191,1101,10,1129,10,1078,9,1152,10
3192,1054,8,1054,9,1022,7,1065,9
3193,1117,10,1136,10,1103,10,1143,10
3194,1061,9,1065,9,1013,6,1087,9
3195,1079,9,1080,9,1063,9,1083,9
3196,1040,8,1029,8,1005,6,1038,8
3197,1050,8,1041,8,1034,7,1038,8
3198,994,5,975,5,968,3,987,6
3199,997,5,984,6,980,4,999,6
3200,823,1,822,1,851,1,844,1
3201,979,4,948,4,979,4,926,3
3202,1060,9,1065,9,1065,9,1059,8
3204,1072,9,1092,10,1032,7,1115,10
3205,1026,7,1079,9,931,2,1146,10
3206,1095,10,1136,10,1041,8,1169,10
3207,1071,9,1113,10,1004,6,1149,10
3211,1046,8,1029,8,1068,9,978,5
3212,1028,7,1000,6,1041,8,970,5
3213,1033,7,1013,7,1063,9,978,5
3214,795,1,802,1,846,1,808,1
3215,968,4,953,4,960,3,955,4
3216,1037,8,1019,7,1006,6,1032,8
3217,1090,10,1068,9,1087,10,1065,9
3218,1013,6,1007,7,955,2,1049,8
3219,926,2,910,2,928,2,924,2
3220,1058,9,1062,9,1007,6,1098,9
3221,1104,10,1098,10,1135,10,1083,9
3222,1017,7,991,6,1023,7,986,6
3223,964,4,947,4,968,3,960,4
3224,1016,7,984,6,1023,7,963,5
3225,1072,9,1065,9,1026,7,1111,10
3226,1060,9,1040,8,1039,8,1055,8
3227,1092,10,1087,9,1072,9,1114,10
3228,1091,10,1083,9,1073,9,1094,9
3230,1067,9,1045,8,1024,7,1079,9
3231,1072,9,1062,9,1041,8,1119,10
3232,1055,9,1034,8,1016,6,1058,8
3233,1001,6,977,5,983,4,1002,6
3234,1081,10,1045,8,1042,8,1068,9
3235,1065,9,1058,9,1056,9,1126,10
3236,968,4,965,4,967,3,1056,8
3237,968,4,963,4,997,5,1006,7
3238,986,5,977,5,1005,6,1024,7
3239,971,4,963,4,993,5,1007,7
3240,1090,10,1065,9,1112,10,1041,8
3241,977,4,955,4,1001,5,959,4
3242,1047,8,1019,7,1037,8,1032,8
3243,1052,8,1045,8,1073,9,1073,9
3249,1006,6,986,6,1040,8,994,6
3250,931,2,908,2,954,2,898,1
3251,955,3,929,3,1005,6,925,2
3254,948,3,920,2,991,5,910,2
3260,970,4,953,4,987,4,968,5
3264,949,3,923,2,962,3,926,3
3265,1027,7,1013,7,1057,9,1016,7
3266,976,4,953,4,1006,6,946,4
3267,996,5,990,6,1058,9,984,6
3268,1013,6,993,6,1040,8,993,6
3269,1029,7,1022,7,1042,8,1056,8
3270,1023,7,1019,7,1012,6,1051,8
3271,1018,7,1035,8,1032,7,1091,9
3272,940,2,930,3,960,3,956,4
3273,1025,7,1036,8,1073,9,1106,9
3274,1025,7,1034,8,1065,9,1101,9
3275,1051,8,1004,7,1085,10,961,4
3276,994,5,985,6,1052,8,984,6
3277,1028,7,997,6,1049,8,966,5
3278,1029,7,1002,7,1074,9,974,5
3279,1027,7,1003,7,1068,9,985,6
3280,981,4,957,4,963,3,961,4
3281,1078,9,1048,8,1093,10,1023,7
3282,1005,6,974,5,1018,6,965,5
3283,1047,8,1022,7,1067,9,1016,7
3284,1024,7,1007,7,1004,6,1047,8
3285,1029,7,1010,7,1048,8,1016,7
3286,972,4,967,5,994,5,992,6
3287,1026,7,1007,7,1064,9,985,6
3289,1000,6,984,6,1006,6,1015,7
3292,1006,6,992,6,1003,5,1005,7
3293,972,4,969,5,1008,6,1025,7
3294,1047,8,1035,8,1026,7,1080,9
3300,978,4,950,4,964,3,953,4
3301,1060,9,1045,8,1080,9,1059,8
3302,1009,6,990,6,1027,7,998,6
3303,972,4,954,4,1011,6,966,5
3304,931,2,911,2,970,3,915,2
3305,943,3,921,2,959,3,916,2
3309,946,3,955,4,1005,6,1029,8
3310,949,3,929,3,991,5,924,2
3311,921,2,900,2,942,2,911,2
3312,1016,7,999,6,1040,8,1011,7
3314,1041,8,1043,8,1056,9,1110,10
3315,973,4,952,4,985,4,963,5
3317,981,4,990,6,1017,6,1045,8
3318,965,4,958,4,980,4,996,6
3319,963,4,959,4,1004,6,965,5
3321,1085,10,1053,9,1098,10,1024,7
3322,983,5,967,5,1026,7,978,5
3323,1019,7,1022,7,1027,7,1090,9
3324,927,2,918,2,972,3,952,4
3325,938,2,942,3,970,3,999,6
3328,1045,8,1012,7,1072,9,981,6
3329,1015,6,1007,7,1031,7,1035,8
3330,965,4,944,3,997,5,945,4
3331,1056,9,1021,7,1078,9,985,6
3332,1014,6,982,5,1048,8,954,4
3333,972,4,958,4,999,5,961,4
3334,960,3,953,4,997,5,979,5
3335,1023,7,1011,7,1056,9,979,5
3337,946,3,928,3,985,4,906,2
3338,950,3,936,3,984,4,914,2
3340,1008,6,985,6,1019,7,967,5
3341,1037,8,1014,7,1079,9,973,5
3342,997,5,981,5,1012,6,982,6
3345,1028,7,1008,7,1049,8,999,6
3350,1004,6,992,6,969,3,1024,7
3351,1014,6,981,5,1039,8,961,4
3352,1038,8,1009,7,1057,9,992,6
3355,890,1,879,1,889,1,899,1
3356,906,1,886,1,914,1,895,1
3357,1062,9,1050,8,1047,8,1076,9
3360,941,3,918,2,965,3,931,3
3361,957,3,937,3,975,4,968,5
3363,979,4,953,4,974,4,972,5
3364,1039,8,1016,7,1040,8,1034,8
3370,926,2,917,2,957,3,962,5
3371,897,1,883,1,954,2,885,1
3373,950,3,930,3,970,3,955,4
3374,1019,7,994,6,1030,7,1014,7
3375,1017,7,1010,7,1033,7,1049,8
3377,929,2,915,2,949,2,922,2
3378,1042,8,1057,9,1070,9,1127,10
3379,968,4,973,5,1003,6,1021,7
3380,910,2,894,1,934,2,895,1
3381,1019,7,1003,7,1009,6,1047,8
3384,976,4,958,4,1007,6,978,5
3385,1005,6,984,6,1029,7,984,6
3387,1015,6,1005,7,1035,8,1040,8
3388,964,4,963,4,979,4,1016,7
3390,938,2,928,3,955,2,950,4
3391,1000,6,993,6,1016,6,1046,8
3392,933,2,923,2,965,3,980,5
3393,921,2,911,2,945,2,942,3
3395,967,4,953,4,985,4,983,6
3396,949,3,938,3,966,3,956,4
3400,958,3,938,3,942,2,957,4
3401,1053,8,1025,8,1071,9,1015,7
3407,1024,7,1020,7,1048,8,1047,8
3409,1000,6,987,6,1012,6,1024,7
3412,917,2,915,2,969,3,947,4
3413,1055,9,1050,8,1077,9,1060,9
3414,928,2,916,2,948,2,947,4
3415,1037,8,1032,8,1069,9,1050,8
3418,973,4,954,4,989,5,949,4
3419,997,5,975,5,993,5,988,6
3420,1031,7,1021,7,1026,7,1054,8
3423,838,1,849,1,902,1,899,1
3424,966,4,953,4,985,4,988,6
3427,1012,6,984,6,1027,7,958,4
3428,1042,8,1017,7,1083,10,973,5
3429,1029,7,1004,7,1036,8,976,5
3430,1032,7,1017,7,1083,10,980,5
3431,1083,10,1060,9,1094,10,1038,8
3432,1028,7,1013,7,1079,9,976,5
3433,1073,9,1057,9,1128,10,999,6
3434,1043,8,1018,7,1064,9,992,6
3435,1033,8,1011,7,1053,8,1003,7
3437,1082,10,1072,9,1095,10,1055,8
3438,1088,10,1078,9,1093,10,1074,9
3440,1097,10,1098,10,1098,10,1114,10
3441,1113,10,1127,10,1128,10,1127,10
3442,1069,9,1062,9,1070,9,1079,9
3444,1012,6,998,6,1019,7,1018,7
3446,1029,7,997,6,1033,7,1010,7
3447,1020,7,997,6,1033,7,1035,8
3448,1026,7,1005,7,1042,8,1007,7
3450,979,4,972,5,946,2,1039,8
3451,1002,6,981,5,1010,6,1005,7
3453,1043,8,1019,7,1051,8,1039,8
3458,1037,8,1023,7,1028,7,1058,8
3460,978,4,968,5,959,3,1034,8
3461,1011,6,997,6,1013,6,1049,8
3462,982,5,959,4,991,5,988,6
3463,995,5,975,5,990,5,1016,7
3464,964,4,926,2,981,4,905,2
3465,887,1,869,1,913,1,890,1
3467,900,1,893,1,930,2,926,3
3468,923,2,921,2,984,4,947,4
3469,969,4,963,4,974,4,1036,8
3472,864,1,851,1,915,1,887,1
3475,896,1,892,1,942,2,960,4
3477,996,5,979,5,1013,6,1005,7
3478,913,2,899,2,928,2,915,2
3480,969,4,947,4,958,3,960,4
3482,1020,7,1007,7,999,5,1050,8
3483,998,6,977,5,972,3,1015,7
3485,959,3,944,3,979,4,966,5
3487,967,4,964,4,988,5,1006,7
3488,969,4,966,5,990,5,1007,7
3489,985,5,980,5,1005,6,1023,7
3490,959,3,938,3,962,3,956,4
3491,989,5,983,5,1009,6,1027,7
3494,907,1,909,2,921,1,893,1
3496,931,2,911,2,957,3,907,2
3498,1009,6,974,5,1021,7,947,4
3500,913,2,906,2,915,1,924,2
3501,1046,8,1015,7,1073,9,995,6
3505,948,3,926,2,980,4,917,2
3506,1065,9,1049,8,1083,10,1076,9
3507,1025,7,1016,7,1045,8,1061,9
3509,1023,7,1006,7,1027,7,1011,7
3512,1008,6,984,6,1026,7,983,6
3515,1039,8,997,6,1052,8,964,5
3516,996,5,971,5,1012,6,974,5
3517,921,2,908,2,958,3,921,2
3518,891,1,885,1,929,2,930,3
3520,812,1,833,1,907,1,936,3
3521,1003,6,965,4,1036,8,939,3
3522,1020,7,993,6,1038,8,1014,7
3523,924,2,905,2,956,3,921,2
3525,954,3,937,3,957,3,959,4
3527,943,3,922,2,936,2,957,4
3529,1009,6,1006,7,1014,6,1058,8
3530,1009,6,1006,7,1014,6,1058,8
3531,1011,6,1004,7,996,5,1055,8
3533,933,2,918,2,950,2,937,3
3537,974,4,960,4,977,4,984,6
3540,911,2,912,2,940,2,944,4
3542,1029,7,1004,7,1040,8,1025,7
3544,982,5,972,5,990,5,1019,7
3546,977,4,976,5,985,4,1021,7
3549,880,1,893,1,920,1,902,2
3550,964,4,956,4,929,2,993,6
3551,1058,9,1028,8,1070,9,1007,7
3555,949,3,926,2,945,2,926,3
3556,907,1,888,1,928,2,892,1
3557,1011,6,982,5,1048,8,966,5
3558,935,2,920,2,965,3,951,4
3559,1000,6,985,6,1033,7,1009,7
3561,963,4,941,3,988,4,936,3
3562,1050,8,1004,7,1066,9,931,3
3563,950,3,921,2,991,5,903,2
3564,978,4,951,4,988,5,942,3
3565,1044,8,1013,7,1052,8,996,6
3566,949,3,929,3,992,5,944,4
3567,944,3,928,3,975,4,937,3
3568,971,4,946,3,985,4,950,4
3570,977,4,952,4,1029,7,949,4
3571,1009,6,1001,6,1029,7,1046,8
3572,1011,6,1004,7,1030,7,1041,8
3573,982,5,978,5,1012,6,1033,8
3575,938,2,936,3,963,3,974,5
3576,1018,7,1023,7,1057,9,1076,9
3579,954,3,932,3,964,3,936,3
3580,929,2,895,1,961,3,874,1
3581,1039,8,1008,7,1044,8,991,6
3583,984,5,965,4,1021,7,965,5
3584,981,5,959,4,996,5,961,4
3585,953,3,937,3,945,2,945,4
3586,1037,8,997,6,1073,9,961,4
3588,955,3,923,2,991,5,879,1
3589,1017,7,1002,6,1045,8,989,6
3590,1031,7,989,6,1054,8,961,4
3591,1045,8,1024,8,1042,8,1046,8
3594,922,2,905,2,956,2,911,2
3595,855,1,844,1,918,1,851,1
3596,950,3,928,3,974,4,912,2
3597,992,5,975,5,995,5,977,5
3599,971,4,963,4,953,2,978,5
3607,1030,7,1022,7,1044,8,1043,8
3608,971,4,950,4,978,4,958,4
3610,974,4,956,4,994,5,969,5
3612,908,1,895,1,949,2,924,2
3614,1044,8,1016,7,1053,8,992,6
3616,974,4,956,4,988,4,955,4
3617,1008,6,986,6,1054,8,990,6
3618,941,3,923,2,980,4,908,2
3620,964,4,941,3,974,4,939,3
3621,955,3,928,3,989,5,903,2
3622,1008,6,981,5,1045,8,965,5
3623,935,2,921,2,986,4,942,3
3624,933,2,922,2,978,4,927,3
3629,908,2,895,1,924,1,905,2
3630,906,1,904,2,915,1,922,2
3631,1048,8,1024,8,1061,9,1004,7
3633,1015,7,988,6,1039,8,963,5
3634,1033,7,1002,7,1055,9,982,6
3635,967,4,948,4,1022,7,943,3
3636,937,2,920,2,964,3,931,3
3637,1006,6,988,6,1048,8,978,5
3638,960,3,940,3,968,3,947,4
3639,915,2,899,2,970,3,926,3
3640,997,5,982,5,1031,7,980,6
3641,956,3,929,3,1005,6,897,1
3644,935,2,919,2,960,3,913,2
3646,992,5,980,5,1022,7,1009,7
3647,1056,9,1059,9,1059,9,1106,9
3649,945,3,935,3,993,5,931,3
3658,974,4,946,3,1011,6,922,2
3659,1021,7,1008,7,1032,7,1009,7
3660,918,2,905,2,931,2,912,2
3662,1140,10,1101,10,1022,7,1092,9
3663,1031,7,1027,8,1059,9,1041,8
3664,1010,6,987,6,1018,6,978,5
3665,1022,7,1006,7,1036,8,1011,7
3666,962,3,946,3,968,3,978,5
3669,971,4,964,4,980,4,1021,7
3670,987,5,964,4,1025,7,980,6
3672,928,2,915,2,934,2,943,3
3673,1026,7,1004,7,1055,9,1030,8
3675,1024,7,997,6,1053,8,1010,7
3677,953,3,932,3,945,2,947,4
3678,1051,8,1033,8,1069,9,1040,8
3682,1004,6,986,6,1042,8,981,6
3683,986,5,955,4,1006,6,934,3
3685,974,4,954,4,983,4,964,5
3687,973,4,941,3,994,5,911,2
3688,1035,8,1005,7,1056,9,980,5
3690,959,3,940,3,955,2,944,4
3691,1066,9,1040,8,1072,9,1029,8
3694,1068,9,1037,8,1050,8,1033,8
3695,1049,8,1023,8,1067,9,1010,7
3697,1028,7,1002,6,1029,7,1031,8
3698,1072,9,1043,8,1027,7,1076,9
3699,945,3,933,3,899,1,973,5
3700,983,5,958,4,979,4,965,5
3701,1010,6,993,6,1026,7,1010,7
3704,1000,6,987,6,1040,8,1003,7
3705,1000,6,987,6,1040,8,1003,7
3707,956,3,942,3,958,3,960,4
3708,1000,6,987,6,1040,8,1003,7
3709,985,5,995,6,1008,6,1060,9
3711,1015,6,974,5,1026,7,956,4
3712,966,4,948,4,979,4,979,5
3713,934,2,903,2,941,2,900,2
3714,984,5,961,4,985,4,977,5
3715,999,6,996,6,1030,7,1034,8
3717,988,5,968,5,990,5,990,6
3718,1043,8,1027,8,1038,8,1054,8
3719,1008,6,1003,7,1052,8,1045,8
3720,976,4,946,3,1003,5,951,4
3722,1019,7,983,5,1004,6,986,6
3723,1018,7,997,6,1017,6,1016,7
3725,1015,6,994,6,1026,7,1020,7
3726,1009,6,994,6,1017,6,1032,8
3727,1008,6,986,6,1023,7,980,6
3728,913,2,890,1,962,3,882,1
3730,969,4,941,3,977,4,935,3
3732,991,5,974,5,1012,6,1007,7
3733,1003,6,986,6,1018,7,1001,6
3735,1015,6,995,6,1030,7,1021,7
3737,958,3,933,3,968,3,929,3
3738,970,4,955,4,981,4,983,6
3739,970,4,955,4,981,4,983,6
3740,1027,7,995,6,1018,6,1009,7
3741,1007,6,985,6,968,3,1018,7
3744,1026,7,993,6,1020,7,1001,6
3746,1005,6,977,5,1022,7,991,6
3747,1023,7,1013,7,1010,6,1065,9
3749,1055,9,1037,8,1048,8,1051,8
3750,1022,7,1019,7,1058,9,1006,7
3751,969,4,952,4,1025,7,915,2
3752,1042,8,1023,7,1058,9,993,6
3753,1040,8,1023,7,1093,10,982,6
3754,1049,8,1030,8,1065,9,1011,7
3755,1038,8,1019,7,1049,8,992,6
3756,1016,7,988,6,1047,8,944,4
3757,1028,7,1002,6,1053,8,981,6
3758,1055,9,1021,7,1081,10,971,5
3759,1089,10,1083,9,1115,10,1068,9
3760,1084,10,1070,9,1104,10,1046,8
3761,1083,10,1066,9,1093,10,1063,9
3762,1083,10,1059,9,1114,10,1012,7
3763,1014,6,989,6,1042,8,985,6
3764,1009,6,984,6,1022,7,968,5
3765,1059,9,1034,8,1075,9,1014,7
3766,1082,10,1068,9,1071,9,1094,9
3767,1077,9,1070,9,1082,10,1099,9
3770,1060,9,1024,8,1077,9,981,6
3775,1065,9,1042,8,1074,9,1015,7
3777,1005,6,984,5,1018,7,989,6
3778,1005,6,977,5,1038,8,960,4
3779,1017,7,968,5,1003,5,976,5
3781,1033,7,997,6,1048,8,971,5
3782,1063,9,1042,8,1083,10,1026,7
3783,1055,9,1031,8,1076,9,1016,7
3785,1084,10,1104,10,1076,9,1144,10
3786,1096,10,1099,10,1093,10,1117,10
3787,1095,10,1099,10,1106,10,1131,10
3788,1077,9,1072,9,1066,9,1114,10
3789,1083,10,1091,10,1073,9,1141,10
3791,1093,10,1091,10,1089,10,1114,10
3792,1074,9,1068,9,1093,10,1094,9
3793,1042,8,1015,7,1049,8,1016,7
3795,1070,9,1044,8,1098,10,1018,7
3796,1053,8,1023,7,1068,9,1006,7
3797,984,5,954,4,1005,6,942,3
3799,937,2,916,2,962,3,935,3
3802,1001,6,993,6,1025,7,983,6
3803,947,3,942,3,987,4,918,2
3804,1082,10,1075,9,1144,10,1018,7
3805,1011,6,994,6,1042,8,958,4
3806,1060,9,1048,8,1063,9,1032,8
3807,1075,9,1057,9,1099,10,1013,7
3808,1106,10,1095,10,1135,10,1057,8
3809,1068,9,1049,8,1066,9,1030,8
3810,993,5,968,5,1007,6,946,4
3812,1054,8,1024,8,1086,10,975,5
3813,1038,8,1011,7,1064,9,975,5
3814,1040,8,1006,7,1066,9,962,4
3815,1030,7,1001,6,1061,9,966,5
3816,971,4,946,3,1013,6,926,3
3818,985,5,961,4,1005,6,948,4
3820,996,5,979,5,998,5,986,6
3821,1041,8,1025,8,1070,9,1021,7
3822,1029,7,1005,7,1068,9,984,6
3823,1009,6,982,5,1024,7,969,5
3824,1004,6,978,5,1007,6,968,5
3825,899,1,884,1,911,1,886,1
3831,1027,7,1007,7,1032,7,1016,7
3832,1020,7,1004,7,1025,7,1032,8
3833,963,4,945,3,994,5,960,4
3835,988,5,972,5,996,5,986,6
3840,869,1,864,1,893,1,869,1
3842,903,1,891,1,899,1,912,2
3844,986,5,964,4,977,4,955,4
3847,978,4,951,4,1003,5,933,3
3850,970,4,956,4,961,3,968,5
3851,979,4,961,4,1024,7,947,4
3852,1051,8,1072,9,993,5,1182,10
3854,1040,8,1009,7,1061,9,956,4
3856,1004,6,966,5,1037,8,900,2
3857,1017,7,997,6,1054,8,977,5
3858,957,3,934,3,986,4,924,2
3859,1020,7,994,6,1039,8,977,5
3860,978,4,953,4,991,5,951,4
3862,1006,6,973,5,1027,7,960,4
3864,989,5,980,5,1036,8,990,6
3865,984,5,946,3,1013,6,919,2
3869,1008,6,983,5,1027,7,968,5
3870,998,5,973,5,1008,6,974,5
3871,1004,6,983,5,1011,6,1004,7
3873,1023,7,1001,6,1040,8,971,5
3874,944,3,922,2,983,4,929,3
3875,965,4,941,3,974,4,943,3
3878,992,5,967,5,1010,6,970,5
3880,979,4,952,4,972,3,971,5
3882,996,5,958,4,1025,7,936,3
3885,963,4,943,3,990,5,965,5
3886,962,3,947,4,988,5,941,3
3887,908,1,904,2,952,2,925,3
3888,910,2,902,2,928,2,931,3
3889,924,2,935,3,939,2,978,5
3890,827,1,850,1,863,1,906,2
3891,1026,7,1020,7,977,4,1064,9
3892,954,3,933,3,947,2,979,5
3893,968,4,974,5,994,5,1028,8
3895,968,4,972,5,992,5,1026,7
3896,970,4,958,4,969,3,1009,7
3898,983,5,971,5,992,5,994,6
3900,960,3,947,4,982,4,981,6
3902,952,3,924,2,1013,6,918,2
3903,975,4,948,4,986,4,970,5
3904,1018,7,993,6,999,5,1007,7
3909,935,2,913,2,947,2,926,3
3910,1044,8,1010,7,1049,8,976,5
3911,1033,7,1001,6,1060,9,963,5
3912,1033,7,1002,6,1052,8,971,5
3913,1046,8,1020,7,1061,9,991,6
3915,928,2,907,2,939,2,913,2
3916,1103,10,1097,10,1088,10,1124,10
3918,1038,8,1003,7,1058,9,968,5
3919,972,4,934,3,980,4,921,2
3920,1174,10,1096,10,1018,6,1087,9
3921,946,3,964,4,944,2,1090,9
3922,974,4,952,4,974,4,973,5
3923,1015,7,974,5,1008,6,968,5
3925,1018,7,992,6,1000,5,1018,7
3926,1077,9,1065,9,1065,9,1086,9
3927,1071,9,1063,9,1055,9,1085,9
3928,1106,10,1105,10,1122,10,1117,10
3929,1103,10,1101,10,1078,9,1131,10
3930,1110,10,1121,10,1126,10,1117,10
3931,1022,7,1006,7,1009,6,1017,7
3933,1098,10,1092,10,1147,10,1049,8
3934,1087,10,1076,9,1089,10,1071,9
3936,1014,6,991,6,1006,6,990,6
3937,1069,9,1078,9,1096,10,1098,9
3938,1037,8,1008,7,1026,7,1010,7
3939,969,4,943,3,980,4,947,4
3940,917,2,890,1,925,1,903,2
3941,993,5,968,5,997,5,981,6
3942,1052,8,1030,8,1021,7,1064,9
3943,1060,9,1059,9,1030,7,1088,9
3944,1114,10,1130,10,1074,9,1165,10
3945,1029,7,1006,7,1055,9,1005,7
3946,1028,7,1007,7,1055,9,1019,7
3950,947,3,923,2,964,3,924,2
3951,1033,7,1012,7,1053,8,1037,8
3953,996,5,969,5,1004,6,966,5
3954,1068,9,1039,8,1083,10,1031,8
3956,992,5,967,5,995,5,986,6
3957,1030,7,1010,7,1051,8,1030,8
3958,1054,8,1034,8,1075,9,1042,8
3959,1030,7,1014,7,1023,7,1040,8
3960,984,5,965,4,978,4,991,6
3962,940,3,917,2,971,3,927,3
3964,1001,6,963,4,1028,7,940,3
3965,932,2,899,2,957,3,857,1
3966,957,3,948,4,996,5,973,5
3967,962,3,951,4,994,5,967,5
3971,934,2,917,2,959,3,929,3
3975,1039,8,1038,8,1086,10,998,6
3976,927,2,919,2,970,3,888,1
3977,1005,6,987,6,1036,8,952,4
3978,1058,9,1049,8,1077,9,1027,7
3979,1044,8,1028,8,1077,9,1043,8
3980,1022,7,982,5,1052,8,932,3
3981,998,5,965,4,1044,8,913,2
3984,936,2,910,2,972,3,903,2
3987,999,6,964,4,1051,8,918,2
3988,995,5,976,5,1038,8,965,5
3990,977,4,950,4,1009,6,941,3
3991,941,3,929,3,1002,5,924,2
3992,985,5,956,4,1002,5,951,4
3995,927,2,902,2,940,2,910,2
3996,1023,7,1004,7,1001,5,1035,8
4000,1008,6,1061,9,858,1,1105,9
4005,1089,10,1122,10,977,4,1159,10
4006,1050,8,1076,9,893,1,1120,10
4007,1089,10,1111,10,1025,7,1130,10
4008,970,4,930,3,959,3,887,1
4010,1078,9,1088,9,969,3,1105,9
4011,1077,9,1098,10,1034,7,1114,10
4012,1058,9,1062,9,994,5,1079,9
4013,1033,7,1037,8,982,4,1039,8
4014,1048,8,1045,8,1032,7,1029,8
4017,1028,7,1017,7,1021,7,1010,7
4018,1010,6,1000,6,982,4,1002,7
4019,947,3,938,3,935,2,952,4
4020,978,4,972,5,966,3,983,6
4021,935,2,914,2,946,2,901,2
4022,952,3,935,3,969,3,924,2
4025,1014,6,996,6,1012,6,1024,7
4029,1026,7,1062,9,927,2,1136,10
4030,1067,9,1084,9,989,5,1107,10
4031,1067,9,1075,9,1014,6,1090,9
4032,1014,6,1010,7,951,2,1031,8
4034,1026,7,1020,7,1006,6,1015,7
4035,1094,10,1092,10,1108,10,1066,9
4036,1030,7,999,6,1023,7,960,4
4037,1115,10,1114,10,1141,10,1084,9
4051,1078,9,1096,10,1024,7,1119,10
4053,1056,9,1054,9,1024,7,1065,9
4054,1033,7,1027,8,1014,6,1041,8
4055,1093,10,1086,9,1092,10,1072,9
4059,1038,8,1086,9,931,2,1151,10
4060,1109,10,1136,10,1090,10,1144,10
4061,1100,10,1114,10,1095,10,1125,10
4064,1103,10,1137,10,1019,7,1166,10
4065,1114,10,1148,10,1100,10,1154,10
4066,1092,10,1117,10,974,4,1161,10
4067,1036,8,1096,10,889,1,1197,10
4068,1078,9,1105,10,985,4,1151,10
4069,1114,10,1143,10,1122,10,1155,10
4070,1101,10,1110,10,1116,10,1111,10
4073,1096,10,1110,10,1103,10,1116,10
4074,1082,10,1083,9,1076,9,1083,9
4075,1073,9,1086,9,1047,8,1106,9
4076,940,3,941,3,942,2,943,4
4077,835,1,863,1,891,1,871,1
4078,1001,6,997,6,1011,6,990,6
4101,1037,8,1077,9,923,1,1134,10
4102,1014,6,1048,8,903,1,1108,10
4103,1041,8,1061,9,948,2,1109,10
4104,1067,9,1089,9,1002,5,1127,10
4105,1040,8,1050,8,987,4,1084,9
4106,942,3,947,4,917,1,967,5
4107,1032,7,1029,8,994,5,1040,8
4108,965,4,972,5,922,1,1001,6
4109,996,5,1014,7,983,4,1027,7
4110,928,2,936,3,954,2,928,3
4111,1059,9,1048,8,991,5,1049,8
4112,1034,8,1046,8,1047,8,1048,8
4113,1023,7,1031,8,1002,5,1040,8
4114,774,1,800,1,831,1,803,1
4115,1048,8,1040,8,1057,9,1013,7
4116,1050,8,1056,9,1058,9,1048,8
4117,1005,6,987,6,1039,8,943,3
4118,984,5,961,4,1010,6,917,2
4119,1035,8,1036,8,1040,8,1029,8
4120,1054,9,1069,9,956,3,1109,10
4121,1071,9,1087,9,1048,8,1104,9
4122,1035,8,1039,8,1001,5,1057,8
4123,1055,9,1043,8,1050,8,1028,8
4124,1003,6,986,6,1057,9,927,3
4125,1000,6,977,5,1053,8,912,2
4127,979,4,970,5,983,4,965,5
4128,1059,9,1039,8,1073,9,1002,6
4129,1019,7,985,6,1029,7,940,3
4130,1071,9,1063,9,1109,10,1021,7
4131,900,1,898,1,923,1,889,1
4132,887,1,877,1,936,2,843,1
4133,952,3,938,3,983,4,907,2
4151,1081,10,1095,10,1009,6,1122,10
4152,1076,9,1087,9,1056,9,1088,9
4153,1086,10,1085,9,1089,10,1067,9
4154,1110,10,1133,10,1146,10,1097,9
4155,1095,10,1111,10,1162,10,1056,8
4156,1107,10,1122,10,1148,10,1088,9
4157,1021,7,1000,6,1032,7,964,5
4158,998,5,983,5,983,4,978,5
4159,1047,8,1031,8,1059,9,995,6
4160,1066,9,1065,9,1079,9,1045,8
4161,1013,6,986,6,1025,7,951,4
4163,1011,6,1009,7,1001,5,1013,7
4164,1070,9,1067,9,1097,10,1025,7
4165,1045,8,1031,8,1072,9,987,6
4169,1060,9,1085,9,945,2,1113,10
4170,1079,10,1097,10,1032,7,1106,9
4171,1102,10,1137,10,1071,9,1142,10
4172,1057,9,1067,9,1052,8,1052,8
4173,1036,8,1018,7,1020,7,999,6
4174,1010,6,994,6,1029,7,953,4
4178,1005,6,1001,6,999,5,997,6
4179,1043,8,1042,8,1037,8,1037,8
4183,934,2,930,3,943,2,968,5
4184,825,1,829,1,874,1,884,1
4205,910,2,892,1,936,2,882,1
4207,950,3,933,3,978,4,911,2
4208,1042,8,1026,8,1075,9,981,6
4209,1015,7,1002,7,1027,7,973,5
4210,1043,8,1030,8,1078,9,992,6
4211,1013,6,995,6,1026,7,976,5
4212,1056,9,1053,9,1066,9,1026,7
4213,1046,8,1036,8,1077,9,1016,7
4214,1020,7,1011,7,1024,7,1001,6
4215,945,3,947,4,894,1,990,6
4216,1004,6,994,6,988,5,996,6
4217,1013,6,1019,7,962,3,1037,8
4218,1035,8,1032,8,998,5,1038,8
4220,1033,8,1023,7,1008,6,1024,7
4221,1017,7,1002,6,1006,6,999,6
4223,1025,7,1011,7,1028,7,1004,7
4224,1008,6,991,6,980,4,1010,7
4225,975,4,965,4,920,1,999,6
4226,1040,8,1032,8,1023,7,1029,8
4227,1026,7,1025,8,1008,6,1032,8
4228,1065,9,1059,9,1126,10,1027,7
4230,1026,7,1008,7,945,2,1028,8
4270,1044,8,1029,8,1100,10,976,5
4271,1030,7,1014,7,1031,7,1042,8
4272,1049,8,1039,8,1050,8,1070,9
4275,1023,7,1011,7,1053,8,1009,7
4280,1015,6,990,6,1080,9,925,2
4285,965,4,948,4,1016,6,923,2
4287,929,2,925,2,1006,6,957,4
4300,999,6,991,6,1010,6,968,5
4301,928,2,916,2,949,2,887,1
4303,784,1,800,1,838,1,818,1
4304,911,2,898,1,917,1,899,1
4305,940,2,924,2,949,2,921,2
4306,1030,7,1014,7,1066,9,985,6
4307,996,5,971,5,1038,8,940,3
4309,986,5,959,4,1030,7,935,3
4310,973,4,952,4,1007,6,937,3
4311,902,1,891,1,976,4,878,1
4312,926,2,912,2,966,3,932,3
4313,913,2,900,2,958,3,906,2
4340,953,3,936,3,988,5,927,3
4341,934,2,918,2,993,5,899,1
4342,930,2,912,2,982,4,889,1
4343,929,2,924,2,966,3,906,2
4344,971,4,958,4,1004,6,948,4
4346,981,5,953,4,1005,6,932,3
4347,962,3,940,3,1006,6,917,2
4350,981,5,968,5,968,3,973,5
4352,1062,9,1038,8,1084,10,1008,7
4353,981,5,969,5,1025,7,986,6
4354,938,2,919,2,976,4,927,3
4355,926,2,912,2,957,3,927,3
4356,991,5,967,5,1018,6,939,3
4357,935,2,914,2,981,4,888,1
4358,1015,6,987,6,1042,8,965,5
4359,1011,6,991,6,1034,7,977,5
4360,1013,6,989,6,1037,8,966,5
4361,957,3,946,3,994,5,955,4
4362,968,4,947,3,998,5,950,4
4363,1007,6,980,5,1042,8,941,3
4364,1024,7,1014,7,1023,7,1010,7
4365,892,1,877,1,968,3,899,1
4370,934,2,915,2,962,3,912,2
4371,982,5,952,4,1029,7,947,4
4372,988,5,944,3,1059,9,885,1
4373,908,2,897,1,953,2,903,2
4374,971,4,954,4,1013,6,963,5
4375,928,2,922,2,971,3,954,4
4376,910,2,903,2,935,2,914,2
4377,951,3,919,2,987,4,906,2
4378,963,4,945,3,1014,6,945,4
4380,934,2,920,2,957,3,930,3
4381,952,3,932,3,970,3,940,3
4382,1002,6,988,6,1014,6,1020,7
4383,772,1,790,1,875,1,786,1
4384,981,5,973,5,1030,7,1007,7
4385,906,1,900,2,946,2,930,3
4387,908,1,899,2,959,3,894,1
4388,827,1,845,1,936,2,872,1
4390,1003,6,979,5,1003,5,962,4
4400,981,5,944,3,1022,7,894,1
4401,920,2,902,2,967,3,868,1
4402,860,1,854,1,960,3,870,1
4403,999,6,992,6,1026,7,998,6
4404,1024,7,1016,7,1051,8,1006,7
4405,975,4,950,4,979,4,933,3
4406,1003,6,1002,6,1037,8,1021,7
4407,939,2,934,3,994,5,928,3
4408,942,3,934,3,1003,5,945,4
4410,920,2,911,2,963,3,919,2
4411,943,3,925,2,990,5,912,2
4412,1015,6,1010,7,1042,8,1010,7
4413,961,3,946,3,972,3,935,3
4415,938,2,928,3,945,2,936,3
4416,1027,7,1017,7,1048,8,1004,7
4417,940,2,941,3,985,4,958,4
4418,1021,7,1002,7,1039,8,1017,7
4419,1004,6,989,6,1023,7,983,6
4420,987,5,971,5,1024,7,938,3
4421,792,1,808,1,893,1,855,1
4422,1004,6,1002,6,1023,7,1013,7
4423,1005,6,1008,7,1035,8,1039,8
4424,1008,6,994,6,1032,7,1003,7
4425,982,5,983,5,1020,7,1019,7
4426,979,4,974,5,1037,8,969,5
4427,944,3,937,3,996,5,937,3
4428,982,5,972,5,1034,7,961,4
4454,990,5,983,5,1018,6,976,5
4455,1010,6,991,6,1004,6,976,5
4461,1071,9,1076,9,1106,10,1106,10
4462,939,2,953,4,963,3,1038,8
4465,947,3,939,3,982,4,940,3
4467,1031,7,1030,8,1052,8,1056,8
4468,938,2,936,3,998,5,970,5
4470,944,3,935,3,951,2,946,4
4472,955,3,936,3,969,3,941,3
4474,1008,6,1000,6,1036,8,1007,7
4477,935,2,924,2,984,4,909,2
4478,961,3,951,4,982,4,947,4
4479,1053,8,1035,8,1077,9,1025,7
4480,958,3,941,3,960,3,944,4
4481,980,4,965,4,990,5,937,3
4482,1002,6,979,5,936,2,951,4
4486,948,3,956,4,977,4,963,5
4487,975,4,960,4,980,4,958,4
4488,980,4,983,5,1003,5,986,6
4489,1053,8,1063,9,1065,9,1087,9
4490,874,1,889,1,894,1,957,4
4491,940,3,951,4,961,3,1028,8
4492,1002,6,972,5,986,4,936,3
4493,977,4,955,4,1000,5,978,5
4494,1036,8,1031,8,1026,7,1043,8
4496,989,5,983,5,1015,6,983,6
4497,1010,6,1003,7,1041,8,998,6
4498,1013,6,1008,7,1045,8,995,6
4500,1032,7,1013,7,1043,8,982,6
4501,956,3,936,3,948,2,925,3
4502,1026,7,1001,6,1024,7,978,5
4503,1001,6,979,5,998,5,958,4
4504,1050,8,1027,8,1076,9,985,6
4505,1006,6,979,5,1044,8,930,3
4506,949,3,929,3,987,4,893,1
4507,939,2,925,2,959,3,930,3
4508,894,1,883,1,932,2,877,1
4509,1051,8,1041,8,1043,8,1024,7
4510,907,1,898,1,947,2,885,1
4511,967,4,941,3,1009,6,909,2
4512,1044,8,1016,7,1091,10,956,4
4514,979,4,953,4,1030,7,920,2
4515,930,2,916,2,982,4,889,1
4516,1031,7,1004,7,1088,10,939,3
4517,997,5,975,5,1033,7,947,4
4518,1016,7,991,6,1049,8,961,4
4519,980,4,958,4,1012,6,942,3
4520,1110,10,1126,10,1154,10,1108,10
4521,1069,9,1063,9,1104,10,1044,8
4550,983,5,955,4,1001,5,943,3
4551,1001,6,983,5,1003,6,974,5
4552,1005,6,997,6,1007,6,1040,8
4553,1037,8,1017,7,1074,9,992,6
4554,1042,8,1031,8,1064,9,1025,7
4555,1036,8,1017,7,1054,8,1004,7
4556,1038,8,1030,8,1036,8,1027,7
4557,1026,7,1016,7,1000,5,1011,7
4558,984,5,967,5,947,2,981,6
4559,1019,7,1002,6,1046,8,992,6
4560,981,4,962,4,992,5,965,5
4561,1021,7,1002,6,1055,9,981,6
4562,1053,8,1039,8,1080,9,1034,8
4563,1003,6,984,5,1026,7,980,5
4564,1017,7,997,6,999,5,999,6
4565,983,5,961,4,995,5,962,4
4566,1030,7,1019,7,1012,6,1035,8
4567,1049,8,1044,8,1027,7,1069,9
4568,999,6,976,5,1021,7,976,5
4569,984,5,965,4,999,5,991,6
4570,919,2,903,2,961,3,905,2
4571,967,4,957,4,988,4,995,6
4572,1038,8,1031,8,979,4,1051,8
4573,1039,8,1028,8,1028,7,1035,8
4574,956,3,943,3,978,4,968,5
4575,1027,7,1013,7,1014,6,1001,6
4580,864,1,850,1,923,1,859,1
4581,942,3,923,2,943,2,958,4
4600,872,1,877,1,934,2,912,2
4601,915,2,910,2,955,2,938,3
4605,776,1,813,1,826,1,885,1
4606,899,1,888,1,942,2,899,1
4608,958,3,937,3,992,5,932,3
4610,940,3,926,2,966,3,934,3
4611,950,3,948,4,1023,7,964,5
4612,947,3,940,3,1000,5,957,4
4613,867,1,870,1,934,2,917,2
4614,849,1,845,1,924,1,861,1
4615,866,1,858,1,936,2,878,1
4620,917,2,916,2,991,5,951,4
4621,889,1,875,1,948,2,893,1
4625,925,2,913,2,954,2,916,2
4626,926,2,920,2,956,3,904,2
4627,875,1,890,1,946,2,918,2
4630,939,2,927,3,973,3,944,4
4650,897,1,882,1,932,2,882,1
4655,928,2,914,2,958,3,923,2
4659,886,1,867,1,948,2,860,1
4660,915,2,897,1,968,3,893,1
4662,836,1,829,1,923,1,823,1
4670,930,2,914,2,952,2,911,2
4671,869,1,861,1,941,2,866,1
4673,896,1,882,1,959,3,873,1
4674,853,1,855,1,933,2,875,1
4676,856,1,858,1,940,2,849,1
4677,949,3,927,3,973,4,912,2
4678,942,3,917,2,1007,6,874,1
4680,986,5,972,5,998,5,922,2
4694,912,2,896,1,922,1,867,1
4695,917,2,906,2,982,4,861,1
4697,901,1,891,1,961,3,841,1
4699,946,3,935,3,1017,6,915,2
4700,946,3,941,3,937,2,963,5
4701,959,3,941,3,964,3,924,2
4702,971,4,950,4,1006,6,916,2
4703,992,5,974,5,1007,6,953,4
4704,988,5,967,5,1054,8,923,2
4705,1004,6,990,6,1022,7,958,4
4706,983,5,974,5,1017,6,962,4
4707,866,1,871,1,944,2,897,1
4709,1092,10,1058,9,1030,7,978,5
4710,941,3,928,3,956,3,912,2
4711,1071,9,1033,8,1109,10,949,4
4712,931,2,921,2,955,2,928,3
4713,523,1,636,1,545,1,833,1
4714,784,1,793,1,864,1,820,1
4715,1006,6,977,5,1015,6,921,2
4716,1003,6,980,5,1052,8,910,2
4717,987,5,962,4,969,3,897,1
4718,989,5,964,4,996,5,928,3
4719,980,4,961,4,985,4,941,3
4720,1027,7,1001,6,1023,7,943,4
4721,1016,7,986,6,1018,6,942,3
4722,1023,7,998,6,1047,8,950,4
4723,1010,6,989,6,1034,7,941,3
4724,1009,6,987,6,1014,6,959,4
4725,1010,6,981,5,992,5,978,5
4726,908,2,904,2,947,2,898,1
4727,1025,7,1012,7,1016,6,1027,7
4728,996,5,983,5,999,5,980,5
4730,1000,6,982,5,973,4,986,6
4731,947,3,941,3,972,3,965,5
4732,989,5,994,6,1028,7,1011,7
4733,1049,8,1040,8,1049,8,1062,9
4735,937,2,922,2,926,1,939,3
4736,980,4,965,4,990,5,937,3
4737,946,3,923,2,990,5,862,1
4738,970,4,947,4,1023,7,893,1
4739,943,3,913,2,995,5,872,1
4740,986,5,968,5,987,4,935,3
4741,998,5,969,5,1032,7,910,2
4742,976,4,946,3,1005,6,877,1
4743,1060,9,1013,7,984,4,944,4
4744,1041,8,1011,7,993,5,949,4
4745,980,4,956,4,960,3,901,2
4746,1036,8,991,6,982,4,924,2
4750,1003,6,983,5,1017,6,946,4
4751,1034,8,996,6,1053,8,914,2
4753,1035,8,1003,7,1075,9,916,2
4754,977,4,955,4,1018,6,912,2
4756,915,2,897,1,955,2,906,2
4757,908,2,887,1,962,3,884,1
4798,933,2,909,2,981,4,873,1
4799,922,2,903,2,968,3,890,1
4800,988,5,957,4,1008,6,919,2
4802,1006,6,984,6,978,4,975,5
4804,902,1,881,1,942,2,828,1
4805,925,2,909,2,948,2,881,1
4806,953,3,925,2,975,4,896,1
4807,961,3,934,3,973,4,906,2
4808,1006,6,962,4,1014,6,914,2
4809,962,3,941,3,999,5,920,2
4810,1003,6,1007,7,936,2,1045,8
4811,1006,6,992,6,1000,5,974,5
4812,951,3,945,3,916,1,978,5
4814,994,5,986,6,977,4,989,6
4815,933,2,917,2,958,3,902,2
4816,860,1,876,1,880,1,902,2
4817,1008,6,985,6,1011,6,959,4
4818,1014,6,990,6,1028,7,949,4
4819,951,3,941,3,924,1,1001,6
4820,928,2,914,2,945,2,914,2
4821,958,3,940,3,970,3,931,3
4822,978,4,959,4,971,3,940,3
4823,991,5,977,5,987,4,962,4
4824,977,4,960,4,950,2,930,3
4825,976,4,964,4,958,3,936,3
4828,788,1,812,1,807,1,860,1
4829,892,1,895,1,892,1,888,1
4830,615,1,707,1,592,1,848,1
4849,896,1,878,1,910,1,883,1
4850,960,3,929,3,973,4,906,2
4852,977,4,955,4,961,3,970,5
4854,937,2,914,2,967,3,876,1
4855,973,4,939,3,984,4,915,2
4856,927,2,904,2,969,3,887,1
4858,966,4,934,3,984,4,914,2
4859,924,2,895,1,953,2,853,1
4860,904,1,896,1,918,1,899,1
4861,911,2,897,1,924,1,899,1
4865,982,5,960,4,999,5,948,4
4868,975,4,955,4,970,3,948,4
4869,967,4,945,3,984,4,924,2
4870,965,4,967,5,939,2,996,6
4871,854,1,870,1,884,1,892,1
4872,942,3,933,3,972,3,933,3
4873,955,3,931,3,958,3,941,3
4874,949,3,958,4,936,2,912,2
4875,773,1,836,1,701,1,953,4
4876,694,1,771,1,627,1,886,1
4877,1016,7,995,6,976,4,1016,7
4878,1008,6,993,6,981,4,1011,7
4879,1037,8,1026,8,1023,7,1034,8
4880,927,2,914,2,949,2,906,2
4881,976,4,969,5,980,4,1010,7
4882,1006,6,975,5,1024,7,946,4
4883,946,3,930,3,944,2,941,3
4884,1021,7,1004,7,1010,6,1030,8
4885,980,4,959,4,987,4,970,5
4886,918,2,917,2,949,2,946,4
4887,891,1,884,1,922,1,909,2
4888,857,1,851,1,909,1,878,1
4890,810,1,845,1,821,1,920,2
4891,941,3,919,2,942,2,909,2
4892,619,1,713,1,590,1,831,1
4895,845,1,859,1,828,1,905,2
5000,986,5,1038,8,814,1,1152,10
5006,1068,9,1096,10,964,3,1159,10
5007,985,5,998,6,916,1,1051,8
5008,931,2,942,3,912,1,975,5
5009,979,4,967,5,953,2,980,6
5010,844,1,873,1,881,1,903,2
5011,1000,6,990,6,969,3,999,6
5012,837,1,867,1,871,1,898,1
5013,870,1,876,1,886,1,896,1
5014,944,3,934,3,933,2,946,4
5015,957,3,947,4,915,1,974,5
5016,1000,6,982,5,980,4,986,6
5017,866,1,860,1,878,1,877,1
5018,1024,7,997,6,1014,6,975,5
5019,975,4,973,5,946,2,1011,7
5020,1062,9,1042,8,1041,8,1041,8
5021,1049,8,1034,8,1033,7,1026,7
5022,1051,8,1050,8,1012,6,1067,9
5023,929,2,925,2,918,1,938,3
5024,1044,8,1030,8,1016,6,1023,7
5025,1019,7,1001,6,1000,5,992,6
5031,985,5,998,6,924,1,1051,8
5032,1016,7,1009,7,972,3,1022,7
5033,969,4,966,5,918,1,996,6
5034,1073,9,1085,9,1016,6,1126,10
5035,1022,7,1025,8,947,2,1074,9
5037,997,5,993,6,942,2,1025,7
5038,994,5,986,6,937,2,1017,7
5039,988,5,988,6,944,2,1029,8
5040,1015,6,1010,7,985,4,1028,8
5041,1066,9,1065,9,1037,8,1091,9
5042,981,5,981,5,941,2,1025,7
5043,944,3,945,3,905,1,995,6
5044,1049,8,1046,8,1010,6,1065,9
5045,1043,8,1044,8,980,4,1076,9
5046,986,5,978,5,939,2,1012,7
5047,972,4,966,5,942,2,1004,7
5048,1019,7,1018,7,994,5,1051,8
5049,1065,9,1053,9,1042,8,1069,9
5050,1078,9,1071,9,1055,9,1106,9
5051,1093,10,1088,9,1083,10,1107,10
5052,1100,10,1100,10,1085,10,1134,10
5061,1084,10,1107,10,1046,8,1140,10
5062,1084,10,1098,10,1059,9,1131,10
5063,1058,9,1076,9,998,5,1132,10
5064,1086,10,1107,10,1066,9,1141,10
5065,1064,9,1084,9,1012,6,1137,10
5066,1105,10,1125,10,1092,10,1155,10
5067,1045,8,1069,9,962,3,1138,10
5068,1049,8,1063,9,992,5,1118,10
5069,1062,9,1085,9,1016,6,1132,10
5070,1009,6,1013,7,959,3,1053,8
5072,1040,8,1046,8,1007,6,1085,9
5073,1021,7,1018,7,994,5,1041,8
5074,975,4,966,5,954,2,981,6
5075,1022,7,1004,7,998,5,1008,7
5076,1066,9,1045,8,1057,9,1040,8
5081,1070,9,1089,10,1023,7,1133,10
5082,1041,8,1049,8,996,5,1074,9
5083,1022,7,1021,7,976,4,1051,8
5084,809,1,849,1,839,1,871,1
5085,971,4,975,5,949,2,999,6
5086,972,4,970,5,940,2,1002,6
5087,990,5,987,6,941,2,1026,7
5088,946,3,927,3,926,1,931,3
5089,1071,9,1050,8,1066,9,1039,8
5090,1004,6,978,5,988,5,971,5
5091,1056,9,1024,8,1040,8,1020,7
5092,1011,6,982,5,994,5,971,5
5093,975,4,950,4,973,3,945,4
5094,877,1,883,1,908,1,867,1
5095,1000,6,996,6,978,4,1004,7
5096,968,4,946,3,985,4,930,3
5097,1023,7,988,6,1008,6,970,5
5098,954,3,935,3,967,3,921,2
5106,842,1,829,1,876,1,802,1
5107,895,1,890,1,950,2,868,1
5108,851,1,851,1,906,1,835,1
5109,932,2,913,2,960,3,892,1
5110,907,1,899,2,968,3,868,1
5112,780,1,799,1,839,1,814,1
5113,719,1,743,1,792,1,771,1
5114,926,2,906,2,956,3,888,1
5115,907,1,889,1,921,1,880,1
5116,949,3,930,3,956,2,932,3
5117,1057,9,1022,7,1108,10,954,4
5118,990,5,969,5,1004,6,960,4
5120,943,3,953,4,1038,8,930,3
5121,963,3,947,4,1016,6,927,3
5125,1049,8,1027,8,1034,7,1019,7
5126,1043,8,1005,7,1028,7,984,6
5127,1038,8,1012,7,1018,7,1010,7
5131,1097,10,1068,9,1114,10,1048,8
5132,1096,10,1082,9,1093,10,1074,9
5133,1093,10,1074,9,1112,10,1047,8
5134,1054,8,1050,8,1055,9,1073,9
5136,1062,9,1056,9,1073,9,1086,9
5137,1094,10,1090,10,1094,10,1093,9
5138,1107,10,1104,10,1101,10,1124,10
5139,1067,9,1060,9,1078,9,1076,9
5140,1114,10,1109,10,1115,10,1126,10
5141,1104,10,1093,10,1107,10,1107,10
5142,1061,9,1048,8,1069,9,1048,8
5144,1104,10,1094,10,1105,10,1102,9
5150,1085,10,1099,10,1111,10,1115,10
5151,1102,10,1092,10,1102,10,1094,9
5152,1108,10,1120,10,1105,10,1150,10
5153,1084,10,1072,9,1095,10,1077,9
5154,1114,10,1127,10,1121,10,1153,10
5155,1085,10,1073,9,1063,9,1113,10
5156,1084,10,1087,9,1078,9,1123,10
5157,1079,10,1062,9,1098,10,1053,8
5158,1061,9,1030,8,1052,8,1018,7
5159,1062,9,1034,8,1052,8,1025,7
5161,992,5,954,4,982,4,934,3
5162,964,4,933,3,965,3,924,2
5163,915,2,891,1,941,2,887,1
5164,800,1,801,1,824,1,839,1
5165,913,2,900,2,903,1,926,3
5166,893,1,870,1,907,1,872,1
5167,996,5,968,5,982,4,969,5
5168,936,2,912,2,943,2,917,2
5169,991,5,962,4,985,4,957,4
5170,1013,6,982,5,1012,6,986,6
5171,1050,8,1023,7,1052,8,1017,7
5172,1054,9,1032,8,1061,9,1034,8
5173,960,3,935,3,972,3,943,3
5174,983,5,956,4,1003,5,960,4
5201,1047,8,1024,8,1067,9,1008,7
5202,996,5,969,5,1032,7,944,4
5203,965,4,944,3,991,5,962,5
5204,966,4,943,3,977,4,959,4
5210,1017,7,985,6,1058,9,964,5
5211,962,3,937,3,972,3,942,3
5212,984,5,955,4,979,4,968,5
5213,1018,7,992,6,1023,7,1007,7
5214,949,3,924,2,968,3,937,3
5220,967,4,937,3,965,3,952,4
5221,928,2,910,2,948,2,966,5
5222,965,4,943,3,975,4,946,4
5223,975,4,952,4,980,4,963,5
5231,1072,9,1051,9,1099,10,1032,8
5232,1072,9,1063,9,1093,10,1059,8
5233,1049,8,1027,8,1052,8,1026,7
5234,1051,8,1031,8,1064,9,1027,7
5235,989,5,970,5,1016,6,972,5
5236,958,3,945,3,1011,6,972,5
5237,964,4,946,3,1013,6,963,5
5238,913,2,890,1,944,2,896,1
5240,1075,9,1052,9,1062,9,1067,9
5241,1007,6,974,5,1012,6,956,4
5242,1062,9,1046,8,1059,9,1050,8
5243,1074,9,1070,9,1082,10,1075,9
5244,1046,8,1022,7,1055,9,1021,7
5245,1065,9,1052,9,1067,9,1064,9
5250,1072,9,1048,8,1077,9,1042,8
5251,1009,6,991,6,1002,5,1002,6
5252,1036,8,1005,7,1041,8,999,6
5253,882,1,868,1,916,1,852,1
5254,989,5,956,4,1025,7,940,3
5255,1005,6,980,5,1023,7,972,5
5256,933,2,912,2,968,3,927,3
5259,941,3,933,3,961,3,941,3
5260,869,1,848,1,923,1,845,1
5261,1011,6,1004,7,1048,8,1028,8
5262,1043,8,1023,7,1068,9,1029,8
5263,1060,9,1037,8,1058,9,1026,7
5264,926,2,912,2,959,3,922,2
5265,968,4,950,4,990,5,966,5
5266,1034,8,1012,7,1022,7,1017,7
5267,1021,7,992,6,1027,7,981,6
5268,964,4,943,3,989,5,906,2
5269,973,4,960,4,1003,5,993,6
5270,1058,9,1029,8,1088,10,1010,7
5271,965,4,944,3,981,4,916,2
5272,1025,7,1011,7,1037,8,1010,7
5273,1061,9,1046,8,1063,9,1046,8
5275,973,4,949,4,988,5,935,3
5276,1009,6,981,5,1006,6,980,5
5277,942,3,923,2,968,3,912,2
5278,922,2,913,2,967,3,937,3
5279,901,1,884,1,976,4,864,1
5280,931,2,908,2,958,3,890,1
5290,921,2,898,1,924,1,894,1
5291,1029,7,992,6,1057,9,950,4
5301,981,4,982,5,1021,7,1021,7
5302,1005,6,981,5,998,5,986,6
5303,1036,8,1007,7,1076,9,1006,7
5304,964,4,942,3,990,5,942,3
5306,991,5,985,6,1014,6,1033,8
5307,936,2,928,3,965,3,962,5
5308,971,4,969,5,1026,7,1014,7
5309,986,5,985,6,1034,7,1030,8
5310,975,4,965,4,1027,7,995,6
5311,985,5,971,5,1019,7,972,5
5320,874,1,860,1,929,2,869,1
5321,910,2,886,1,961,3,859,1
5322,972,4,946,3,991,5,928,3
5330,927,2,913,2,945,2,921,2
5331,947,3,932,3,994,5,919,2
5332,930,2,911,2,976,4,893,1
5333,959,3,937,3,973,4,938,3
5340,974,4,956,4,981,4,937,3
5341,903,1,894,1,936,2,880,1
5342,995,5,961,4,1031,7,924,2
5343,892,1,890,1,904,1,918,2
5344,962,3,932,3,1007,6,906,2
5345,897,1,886,1,931,2,899,1
5346,937,2,913,2,981,4,896,1
5350,1061,9,1042,8,1102,10,1003,7
5351,1039,8,1012,7,1058,9,987,6
5352,1021,7,1001,6,1019,7,996,6
5353,992,5,970,5,1019,7,960,4
5354,879,1,870,1,930,2,889,1
5355,995,5,964,4,1009,6,932,3
5356,983,5,939,3,1016,6,890,1
5357,882,1,868,1,928,2,908,2
5360,1059,9,1020,7,1068,9,985,6
5371,1050,8,1019,7,1081,10,970,5
5372,995,5,958,4,1044,8,909,2
5373,955,3,932,3,983,4,925,3
5374,928,2,913,2,969,3,915,2
5381,941,3,929,3,984,4,960,4
5400,1027,7,993,6,1063,9,952,4
5401,927,2,909,2,965,3,917,2
5410,960,3,940,3,985,4,932,3
5411,954,3,939,3,1009,6,947,4
5412,941,3,931,3,966,3,978,5
5413,956,3,932,3,976,4,933,3
5414,1021,7,996,6,1005,6,980,5
5415,1054,9,1042,8,1065,9,1066,9
5416,978,4,954,4,1011,6,956,4
5417,961,3,948,4,965,3,978,5
5418,962,3,956,4,965,3,1003,7
5419,990,5,996,6,975,4,1060,9
5420,896,1,894,1,974,4,923,2
5421,896,1,894,1,974,4,923,2
5422,801,1,813,1,870,1,859,1
5431,991,5,977,5,1005,6,1005,7
5432,1028,7,1024,8,1044,8,1056,8
5433,920,2,905,2,950,2,921,2
5434,992,5,982,5,979,4,1008,7
5440,1015,7,1007,7,1002,5,1039,8
5451,1022,7,994,6,1026,7,990,6
5452,1071,9,1039,8,1071,9,1032,8
5453,1014,6,986,6,1010,6,980,5
5454,960,3,951,4,990,5,969,5
5455,1071,9,1058,9,1051,8,1070,9
5460,960,3,939,3,1011,6,929,3
5461,942,3,922,2,968,3,911,2
5462,985,5,956,4,1026,7,945,4
5464,971,4,957,4,1007,6,974,5
5470,963,4,947,4,984,4,991,6
5471,963,4,947,4,984,4,991,6
5472,951,3,951,4,959,3,1010,7
5473,896,1,883,1,935,2,906,2
5480,997,5,974,5,986,4,987,6
5481,982,5,970,5,1000,5,1004,7
5482,1001,6,979,5,1011,6,988,6
5483,1010,6,1008,7,1027,7,1037,8
5485,975,4,959,4,982,4,958,4
5490,1019,7,1008,7,989,5,1051,8
5491,1009,6,981,5,1009,6,986,6
5493,916,2,916,2,973,3,977,5
5495,931,2,917,2,969,3,935,3
5501,974,4,944,3,1035,7,895,1
5502,995,5,960,4,1033,7,915,2
5510,978,4,962,4,1010,6,977,5
5520,874,1,870,1,941,2,886,1
5521,949,3,936,3,965,3,986,6
5522,931,2,922,2,953,2,944,4
5523,978,4,962,4,979,4,973,5
5540,875,1,862,1,900,1,869,1
5550,887,1,873,1,942,2,863,1
5552,950,3,940,3,1008,6,949,4
5554,934,2,908,2,959,3,899,1
5555,988,5,968,5,1013,6,973,5
5556,885,1,873,1,928,2,879,1
5558,937,2,912,2,968,3,914,2
5560,918,2,910,2,970,3,918,2
5570,956,3,938,3,995,5,960,4
5571,930,2,907,2,957,3,914,2
5572,1032,7,1033,8,1065,9,1081,9
5573,939,2,928,3,964,3,941,3
5575,974,4,947,4,984,4,951,4
5576,943,3,921,2,970,3,936,3
5577,960,3,931,3,984,4,949,4
5580,1024,7,994,6,1024,7,987,6
5581,959,3,936,3,967,3,931,3
5582,935,2,915,2,961,3,922,2
5583,919,2,901,2,958,3,928,3
5600,988,5,966,5,969,3,957,4
5601,930,2,914,2,977,4,897,1
5602,972,4,945,3,992,5,928,3
5603,985,5,964,4,1017,6,971,5
5604,931,2,912,2,966,3,910,2
5605,968,4,944,3,965,3,955,4
5606,952,3,925,2,944,2,919,2
5607,1016,7,991,6,1037,8,979,5
5608,808,1,811,1,821,1,832,1
5609,1018,7,990,6,1000,5,959,4
5630,1040,8,1005,7,1044,8,989,6
5631,1018,7,990,6,1002,5,980,5
5632,1055,9,1058,9,1087,10,1087,9
5633,1001,6,992,6,1021,7,1009,7
5640,1000,6,971,5,1003,5,972,5
5641,1025,7,1002,6,1028,7,994,6
5642,1065,9,1049,8,1098,10,1048,8
5650,1050,8,1039,8,1072,9,1039,8
5651,1029,7,1018,7,1051,8,1014,7
5652,998,6,967,5,988,5,957,4
5653,989,5,981,5,999,5,999,6
5654,988,5,981,5,1000,5,998,6
5655,1031,7,1007,7,1031,7,997,6
5660,1031,7,1007,7,1031,7,997,6
5661,1031,7,1007,7,1032,7,999,6
5670,967,4,952,4,981,4,988,6
5671,1008,6,983,5,1015,6,969,5
5680,996,5,966,5,994,5,953,4
5690,929,2,921,2,922,1,948,4
5700,869,1,864,1,877,1,876,1
5710,992,5,956,4,1011,6,906,2
5713,995,5,992,6,982,4,985,6
5715,1020,7,1022,7,1015,6,989,6
5717,977,4,966,5,962,3,970,5
5719,962,3,945,3,945,2,957,4
5720,1014,6,1000,6,953,2,1006,7
5722,871,1,856,1,900,1,855,1
5723,891,1,893,1,897,1,940,3
5724,720,1,803,1,737,1,913,2
5725,1042,8,1014,7,1001,5,952,4
5730,966,4,955,4,953,2,984,6
5731,944,3,919,2,898,1,927,3
5732,771,1,801,1,776,1,854,1
5733,912,2,899,2,902,1,925,3
5734,697,1,756,1,708,1,901,2
6000,1043,8,1080,9,918,1,1118,10
6003,1040,8,1068,9,930,2,1109,10
6004,1054,8,1091,10,932,2,1129,10
6005,1049,8,1081,9,919,1,1130,10
6006,1069,9,1099,10,1041,8,1115,10
6007,1093,10,1126,10,1030,7,1152,10
6008,1086,10,1126,10,1023,7,1174,10
6009,1102,10,1150,10,1073,9,1184,10
6010,1098,10,1137,10,1074,9,1171,10
6011,1122,10,1166,10,1098,10,1192,10
6012,1078,9,1114,10,1056,9,1145,10
6014,1098,10,1129,10,1080,9,1142,10
6015,1127,10,1168,10,1146,10,1172,10
6016,1056,9,1081,9,1023,7,1100,9
6017,990,5,992,6,922,1,1018,7
6018,1074,9,1093,10,1058,9,1099,9
6019,1083,10,1101,10,1039,8,1116,10
6020,1101,10,1117,10,1110,10,1109,10
6021,1030,7,1035,8,1039,8,1019,7
6022,1056,9,1045,8,1059,9,1035,8
6023,1100,10,1111,10,1119,10,1096,9
6024,1061,9,1051,9,1065,9,1030,8
6025,1075,9,1073,9,1086,10,1050,8
6026,1082,10,1079,9,1104,10,1043,8
6027,1061,9,1058,9,1072,9,1028,8
6028,1088,10,1096,10,1140,10,1042,8
6029,1114,10,1135,10,1115,10,1126,10
6030,1012,6,1007,7,1049,8,970,5
6031,1039,8,1031,8,1082,10,986,6
6032,1046,8,1046,8,1087,10,1010,7
6033,1041,8,1053,9,1122,10,990,6
6034,1063,9,1044,8,1098,10,984,6
6035,1002,6,988,6,1050,8,940,3
6036,1015,6,1006,7,1043,8,973,5
6037,980,4,970,5,1046,8,912,2
6038,1059,9,1046,8,1077,9,1009,7
6041,961,3,944,3,1043,8,880,1
6042,905,1,914,2,957,3,953,4
6043,975,4,951,4,1008,6,917,2
6044,957,3,943,3,992,5,911,2
6050,1081,10,1106,10,1047,8,1124,10
6051,1026,7,1039,8,954,2,1074,9
6052,1055,9,1071,9,1025,7,1091,9
6053,1035,8,1047,8,1020,7,1063,9
6054,988,5,984,6,985,4,987,6
6055,1046,8,1043,8,1085,10,1004,7
6056,975,4,963,4,994,5,934,3
6057,1021,7,1000,6,1050,8,934,3
6058,996,5,970,5,1015,6,918,2
6059,1030,7,1035,8,1030,7,1034,8
6060,1024,7,1030,8,970,3,1052,8
6061,912,2,921,2,918,1,934,3
6062,1009,6,1002,7,1012,6,981,6
6063,969,4,960,4,1020,7,913,2
6064,922,2,923,2,980,4,889,1
6065,1054,8,1050,8,1100,10,996,6
6066,993,5,982,5,1039,8,936,3
6067,1017,7,983,5,1066,9,952,4
6069,1031,7,1023,8,1073,9,974,5
6070,1105,10,1116,10,1119,10,1129,10
6071,1078,9,1079,9,1106,10,1062,9
6072,1091,10,1078,9,1118,10,1035,8
6073,1040,8,1032,8,1057,9,1016,7
6074,1044,8,1035,8,1079,9,1005,7
6076,1071,9,1070,9,1089,10,1050,8
6077,1051,8,1050,8,1112,10,978,5
6078,1053,8,1051,9,1141,10,983,6
6079,1051,8,1068,9,1141,10,1008,7
6081,1066,9,1056,9,1113,10,1014,7
6082,1037,8,1028,8,1094,10,982,6
6083,1064,9,1057,9,1122,10,1008,7
6084,1038,8,1023,7,1109,10,944,4
6100,1047,8,1062,9,975,4,1082,9
6101,1025,7,1039,8,973,4,1066,9
6102,933,2,961,4,874,1,1013,7
6103,995,5,1008,7,940,2,1031,8
6104,993,5,994,6,978,4,986,6
6105,970,4,966,5,959,3,956,4
6107,991,5,992,6,989,5,978,5
6108,997,5,983,5,1024,7,940,3
6109,919,2,915,2,961,3,880,1
6110,978,4,970,5,1017,6,930,3
6111,988,5,975,5,1017,6,943,3
6112,997,5,990,6,1034,7,950,4
6121,1065,9,1062,9,1164,10,966,5
6122,1042,8,1020,7,1097,10,943,3
6123,1005,6,975,5,1067,9,891,1
6124,1026,7,1018,7,1079,9,970,5
6125,1034,8,1020,7,1097,10,956,4
6126,1009,6,1002,6,1031,7,999,6
6147,978,4,971,5,983,4,953,4
6148,1052,8,1058,9,1036,8,1061,9
6149,1086,10,1098,10,1094,10,1084,9
6150,1079,9,1095,10,1078,9,1086,9
6151,1084,10,1110,10,1031,7,1137,10
6152,1051,8,1076,9,1009,6,1109,10
6153,1093,10,1119,10,1073,9,1129,10
6154,1075,9,1091,10,1064,9,1097,9
6155,1065,9,1072,9,1087,10,1040,8
6156,1056,9,1073,9,1051,8,1083,9
6157,1052,8,1065,9,1024,7,1089,9
6158,1088,10,1119,10,1079,9,1137,10
6159,1072,9,1113,10,1031,7,1161,10
6160,1023,7,1054,9,967,3,1110,10
6161,1030,7,1033,8,819,1,1078,9
6162,1020,7,1043,8,1003,5,1077,9
6163,1005,6,1006,7,1004,6,1002,6
6164,1054,8,1053,9,1082,10,1011,7
6165,1041,8,991,6,1072,9,913,2
6166,1052,8,1049,8,1092,10,993,6
6167,951,3,937,3,984,4,903,2
6168,933,2,918,2,954,2,893,1
6169,981,4,964,4,1008,6,927,3
6170,1016,7,1006,7,1045,8,967,5
6171,1045,8,1029,8,1078,9,973,5
6172,993,5,980,5,1047,8,926,3
6173,1065,9,1060,9,1120,10,994,6
6174,1014,6,996,6,1038,8,953,4
6175,1036,8,1027,8,1083,10,975,5
6176,1047,8,1024,8,1100,10,965,5
6180,1009,6,991,6,1050,8,940,3
6181,1068,9,1072,9,1164,10,988,6
6207,1023,7,1014,7,1099,10,950,4
6208,955,3,937,3,1016,6,889,1
6209,937,2,923,2,1004,6,866,1
6210,964,4,952,4,998,5,925,2
6211,1003,6,988,6,1049,8,946,4
6213,961,3,951,4,1016,6,918,2
6214,996,5,979,5,1055,9,934,3
6215,945,3,930,3,1008,6,886,1
6218,922,2,909,2,971,3,874,1
6220,956,3,938,3,1002,5,886,1
6221,1028,7,1016,7,1059,9,977,5
6223,1026,7,1015,7,1057,9,977,5
6224,947,3,923,2,995,5,869,1
6225,922,2,903,2,971,3,853,1
6226,1070,9,1059,9,1141,10,991,6
6227,1032,7,1008,7,1060,9,963,5
6228,1003,6,989,6,1028,7,976,5
6229,979,4,959,4,1009,6,930,3
6230,974,4,961,4,991,5,941,3
6232,1001,6,968,5,1041,8,900,2
6233,1020,7,996,6,1057,9,935,3
6236,1046,8,1032,8,1087,10,991,6
6237,1042,8,1023,8,1091,10,972,5
6239,996,5,978,5,1031,7,945,4
6240,1052,8,1042,8,1069,9,1029,8
6243,1019,7,1000,6,1050,8,1001,6
6244,974,4,969,5,1017,6,979,5
6251,986,5,972,5,1025,7,966,5
6252,976,4,962,4,1014,6,960,4
6253,992,5,984,6,999,5,1021,7
6254,888,1,880,1,950,2,900,2
6255,989,5,966,5,1011,6,960,4
6256,1030,7,1009,7,1071,9,1007,7
6258,959,3,937,3,980,4,912,2
6260,981,5,966,5,1003,5,966,5
6262,950,3,946,3,980,4,983,6
6271,985,5,966,5,1030,7,941,3
6275,961,3,953,4,988,4,989,6
6280,996,5,974,5,1023,7,945,4
6281,1069,9,1052,9,1088,10,1034,8
6282,1077,9,1074,9,1103,10,1063,9
6284,1059,9,1035,8,1080,9,1012,7
6285,1029,7,1010,7,1037,8,1012,7
6286,1054,8,1031,8,1047,8,1026,7
6288,994,5,982,5,1013,6,989,6
6290,960,3,936,3,978,4,934,3
6302,967,4,952,4,994,5,958,4
6304,963,4,946,3,998,5,952,4
6306,947,3,944,3,973,4,954,4
6308,940,2,935,3,980,4,939,3
6309,994,5,981,5,1031,7,991,6
6311,1012,6,991,6,1041,8,986,6
6312,956,3,943,3,970,3,955,4
6313,1018,7,1007,7,1057,9,1001,6
6315,951,3,935,3,977,4,933,3
6316,1014,6,1005,7,1030,7,1032,8
6317,907,1,909,2,952,2,879,1
6318,986,5,973,5,1008,6,989,6
6320,920,2,930,3,959,3,994,6
6321,948,3,936,3,982,4,958,4
6322,1017,7,1005,7,1055,9,1034,8
6323,925,2,915,2,991,5,907,2
6324,947,3,938,3,974,4,944,4
6326,987,5,978,5,1059,9,968,5
6327,1006,6,985,6,1058,9,984,6
6328,1010,6,997,6,1010,6,1020,7
6330,989,5,967,5,1002,5,959,4
6333,1003,6,988,6,1005,6,1022,7
6335,982,5,966,5,980,4,956,4
6336,980,4,983,5,1021,7,998,6
6337,1037,8,1020,7,1056,9,1015,7
6338,1053,8,1040,8,1056,9,1070,9
6341,1056,9,1037,8,1072,9,1030,8
6343,1071,9,1057,9,1075,9,1084,9
6346,993,5,980,5,1005,6,960,4
6348,986,5,974,5,978,4,971,5
6350,939,2,933,3,959,3,962,4
6351,1054,8,1046,8,1061,9,1086,9
6352,1054,8,1046,8,1061,9,1086,9
6353,1032,7,1006,7,1006,6,1009,7
6355,1043,8,1030,8,1053,8,1040,8
6356,1081,10,1071,9,1069,9,1067,9
6357,1084,10,1077,9,1091,10,1087,9
6358,1079,10,1069,9,1095,10,1087,9
6359,1011,6,990,6,1014,6,987,6
6361,1083,10,1073,9,1105,10,1078,9
6363,1087,10,1078,9,1105,10,1094,9
6365,1014,6,996,6,1021,7,1004,7
6367,941,3,945,3,950,2,992,6
6368,1083,10,1073,9,1103,10,1077,9
6369,1003,6,983,5,1006,6,959,4
6370,961,3,948,4,986,4,947,4
6372,1031,7,1019,7,1057,9,1034,8
6373,1081,10,1071,9,1125,10,1080,9
6375,961,3,952,4,983,4,959,4
6383,931,2,926,3,965,3,936,3
6384,1002,6,1007,7,1039,8,1035,8
6385,998,5,991,6,1037,8,1011,7
6386,998,5,991,6,1037,8,1011,7
6390,988,5,975,5,1025,7,929,3
6391,1035,8,1021,7,1057,9,1026,7
6392,971,4,966,5,972,3,984,6
6393,1021,7,1020,7,1028,7,1059,8
6394,1032,7,1027,8,1067,9,1047,8
6395,992,5,982,5,1002,5,999,6
6396,1013,6,1000,6,1010,6,993,6
6397,954,3,965,4,996,5,991,6
6398,989,5,965,4,967,3,970,5
6401,937,2,926,3,964,3,919,2
6403,994,5,964,4,1009,6,932,3
6405,994,5,965,5,1027,7,934,3
6407,1011,6,988,6,992,5,966,5
6409,951,3,947,4,981,4,946,4
6410,889,1,886,1,950,2,906,2
6411,1057,9,1055,9,1115,10,1070,9
6412,1057,9,1055,9,1115,10,1070,9
6413,1023,7,1026,8,1047,8,1040,8
6414,1023,7,1026,8,1047,8,1040,8
6415,963,3,943,3,967,3,923,2
6418,959,3,953,4,968,3,972,5
6419,998,5,991,6,1037,8,1011,7
6420,1070,9,1059,9,1102,10,1051,8
6421,1044,8,1036,8,1069,9,1050,8
6422,1030,7,1006,7,1056,9,997,6
6423,1030,7,1006,7,1056,9,997,6
6424,1043,8,1030,8,1065,9,1039,8
6425,1043,8,1030,8,1072,9,1037,8
6426,925,2,916,2,961,3,896,1
6428,998,5,991,6,1037,8,1011,7
6429,850,1,857,1,876,1,873,1
6430,1027,7,1013,7,1030,7,961,4
6431,663,1,750,1,646,1,879,1
6432,950,3,923,2,968,3,864,1
6434,947,3,930,3,973,4,924,2
6436,836,1,848,1,797,1,914,2
6437,1027,7,981,5,975,4,905,2
6438,869,1,886,1,867,1,920,2
6440,709,1,770,1,722,1,914,2
6442,951,3,924,2,962,3,864,1
6443,881,1,879,1,891,1,916,2
6445,1022,7,1021,7,1044,8,1061,9
6446,1090,10,1075,9,1097,10,1059,8
6447,1091,10,1076,9,1096,10,1061,9
6448,1024,7,1001,6,1054,8,960,4
6450,994,5,971,5,1009,6,939,3
6460,949,3,938,3,956,3,946,4
6461,971,4,963,4,988,4,989,6
6462,1037,8,1037,8,1057,9,1065,9
6463,1036,8,1024,8,1000,5,1024,7
6465,1037,8,1037,8,1057,9,1065,9
6466,1021,7,1007,7,1016,6,1030,8
6467,1021,7,1007,7,1016,6,1030,8
6468,1012,6,1010,7,1031,7,1034,8
6470,1052,8,1039,8,1098,10,1020,7
6472,1046,8,1032,8,1057,9,1052,8
6473,1067,9,1044,8,1084,10,1039,8
6475,948,3,931,3,989,5,935,3
6476,986,5,985,6,1001,5,1046,8
6477,986,5,985,6,1001,5,1046,8
6479,1021,7,996,6,1031,7,980,6
6480,1037,8,1034,8,1056,9,1067,9
6485,902,1,902,2,914,1,912,2
6487,921,2,923,2,966,3,980,5
6488,921,2,923,2,966,3,980,5
6489,921,2,923,2,966,3,980,5
6490,953,3,944,3,968,3,962,4
6501,1019,7,1006,7,1108,10,922,2
6502,989,5,969,5,1033,7,941,3
6503,993,5,978,5,1042,8,941,3
6504,999,6,1005,7,1063,9,994,6
6505,999,6,1005,7,1063,9,994,6
6506,1055,9,1037,8,1038,8,1048,8
6507,1044,8,1028,8,1043,8,1019,7
6509,1055,9,1037,8,1038,8,1048,8
6510,964,4,941,3,971,3,920,2
6511,966,4,948,4,1008,6,878,1
6512,1063,9,1050,8,1082,10,1074,9
6513,1033,7,1020,7,1061,9,1007,7
6514,889,1,885,1,952,2,844,1
6515,1014,6,1001,6,1019,7,1011,7
6516,992,5,969,5,1022,7,925,2
6517,1000,6,979,5,994,5,973,5
6518,986,5,983,5,1006,6,1009,7
6519,985,5,972,5,1000,5,973,5
6521,1047,8,1035,8,1080,9,1022,7
6522,1018,7,992,6,1022,7,976,5
6525,976,4,956,4,999,5,929,3
6528,981,5,971,5,1045,8,929,3
6530,959,3,947,4,976,4,925,3
6532,1037,8,1018,7,1076,9,963,5
6535,938,2,930,3,982,4,918,2
6536,959,3,936,3,976,4,918,2
6537,985,5,954,4,942,2,965,5
6556,1032,7,1010,7,1081,10,959,4
6558,1022,7,1013,7,1070,9,986,6
6560,941,3,922,2,985,4,876,1
6562,985,5,967,5,1045,8,910,2
6564,946,3,939,3,1026,7,909,2
6566,987,5,968,5,1015,6,949,4
6567,997,5,976,5,1050,8,969,5
6568,985,5,969,5,1008,6,967,5
6569,976,4,964,4,994,5,963,5
6571,975,4,965,4,993,5,964,5
6572,1055,9,1037,8,1038,8,1048,8
6574,1098,10,1082,9,1104,10,1078,9
6575,1063,9,1050,8,1082,10,1074,9
6603,973,4,955,4,968,3,959,4
6605,1021,7,1007,7,1016,6,1030,8
6606,1021,7,1007,7,1016,6,1030,8
6608,1035,8,1034,8,1031,7,1068,9
6609,1045,8,1013,7,1020,7,969,5
6612,995,5,988,6,1022,7,1000,6
6613,1020,7,1007,7,1049,8,1002,7
6614,1068,9,1062,9,1079,9,1088,9
6616,1068,9,1062,9,1079,9,1088,9
6620,991,5,977,5,1001,5,959,4
6623,943,3,939,3,953,2,966,5
6625,1018,7,1034,8,1029,7,1084,9
6627,1018,7,1034,8,1029,7,1084,9
6628,1032,7,1025,8,1041,8,1062,9
6630,863,1,889,1,886,1,963,5
6631,1006,6,1017,7,1032,7,1046,8
6632,1032,7,1025,8,1041,8,1062,9
6635,899,1,916,2,921,1,966,5
6638,867,1,870,1,877,1,915,2
6639,945,3,935,3,994,5,929,3
6640,895,1,903,2,872,1,982,6
6642,827,1,862,1,834,1,975,5
6646,703,1,770,1,691,1,900,2
6701,944,3,942,3,946,2,946,4
6705,655,1,737,1,702,1,894,1
6707,1026,7,1008,7,1011,6,981,6
6710,970,4,970,5,950,2,933,3
6713,1083,10,1094,10,1093,10,995,6
6714,1052,8,1051,9,1018,7,982,6
6716,1042,8,999,6,980,4,912,2
6718,774,1,825,1,786,1,856,1
6720,1013,6,989,6,972,3,916,2
6721,1077,9,1081,9,1023,7,1030,8
6722,1000,6,994,6,973,3,934,3
6725,933,2,960,4,905,1,984,6
6726,1000,6,1017,7,990,5,1023,7
6728,738,1,803,1,750,1,878,1
6740,689,1,769,1,712,1,900,2
6743,949,3,965,4,920,1,992,6
6751,1065,9,1022,7,991,5,947,4
6753,1011,6,993,6,957,3,948,4
6754,1054,8,1017,7,997,5,930,3
6758,764,1,805,1,781,1,907,2
6760,700,1,773,1,740,1,876,1
6762,500,1,671,1,483,1,941,3
6765,685,1,771,1,679,1,902,2
6770,604,1,717,1,637,1,868,1
6798,978,4,984,5,978,4,932,3
6799,837,1,890,1,963,3,783,1
7000,1036,8,1046,8,948,2,1111,10
7004,1057,9,1069,9,968,3,1145,10
7005,1057,9,1079,9,990,5,1137,10
7007,1068,9,1078,9,1026,7,1129,10
7008,1016,7,1016,7,967,3,1065,9
7009,914,2,907,2,903,1,934,3
7010,876,1,867,1,887,1,885,1
7011,915,2,886,1,922,1,875,1
7012,1018,7,981,5,1022,7,969,5
7015,1036,8,1015,7,1007,6,1030,8
7016,840,1,819,1,882,1,812,1
7017,1039,8,998,6,1053,8,960,4
7018,1004,6,989,6,982,4,1006,7
7019,840,1,828,1,863,1,844,1
7020,1083,10,1055,9,1103,10,1048,8
7021,1050,8,1022,7,1043,8,1025,7
7022,1031,7,997,6,1019,7,991,6
7023,1017,7,1008,7,1004,6,1067,9
7024,1085,10,1056,9,1069,9,1060,9
7025,1049,8,1026,8,1048,8,1028,8
7026,981,5,950,4,1020,7,934,3
7027,846,1,840,1,948,2,874,1
7030,860,1,844,1,915,1,835,1
7050,1012,6,996,6,982,4,1026,7
7052,1050,8,1032,8,1025,7,1049,8
7053,1084,10,1089,10,1057,9,1148,10
7054,1059,9,1034,8,1055,9,1044,8
7055,1019,7,962,4,995,5,933,3
7109,978,4,956,4,996,5,960,4
7112,948,3,935,3,955,2,982,6
7113,989,5,966,5,986,4,972,5
7116,922,2,908,2,962,3,925,2
7117,915,2,900,2,949,2,899,1
7119,851,1,858,1,950,2,898,1
7120,892,1,885,1,958,3,911,2
7140,887,1,869,1,940,2,858,1
7150,1020,7,1002,6,1022,7,1033,8
7155,1049,8,1031,8,1046,8,1072,9
7162,1068,9,1049,8,1052,8,1066,9
7163,1008,6,994,6,1009,6,1042,8
7170,1093,10,1070,9,1109,10,1050,8
7171,989,5,953,4,987,4,944,4
7172,961,3,925,2,984,4,897,1
7173,955,3,927,3,979,4,931,3
7174,997,5,977,5,1030,7,993,6
7175,974,4,953,4,1007,6,963,5
7176,997,5,977,5,1030,7,993,6
7177,929,2,916,2,975,4,929,3
7178,942,3,934,3,994,5,986,6
7179,1000,6,975,5,998,5,981,6
7180,933,2,922,2,969,3,970,5
7182,888,1,878,1,927,2,918,2
7183,947,3,952,4,1000,5,1077,9
7184,871,1,868,1,934,2,922,2
7185,916,2,901,2,960,3,934,3
7186,916,2,901,2,960,3,934,3
7187,933,2,922,2,969,3,970,5
7190,929,2,909,2,954,2,927,3
7209,944,3,931,3,963,3,965,5
7210,890,1,866,1,920,1,870,1
7211,937,2,925,2,986,4,915,2
7212,985,5,966,5,1003,5,977,5
7213,829,1,831,1,877,1,842,1
7214,808,1,813,1,899,1,831,1
7215,932,2,914,2,950,2,944,4
7216,899,1,882,1,920,1,909,2
7248,840,1,846,1,846,1,869,1
7249,952,3,933,3,931,2,947,4
7250,979,4,964,4,959,3,980,6
7252,1018,7,988,6,1033,7,972,5
7253,814,1,811,1,858,1,810,1
7254,944,3,924,2,1000,5,922,2
7255,993,5,979,5,973,4,1020,7
7256,988,5,964,4,983,4,951,4
7257,618,1,722,1,552,1,807,1
7258,1063,9,1047,8,1091,10,1019,7
7259,949,3,933,3,997,5,928,3
7260,916,2,891,1,945,2,871,1
7261,895,1,874,1,948,2,872,1
7262,956,3,927,3,970,3,923,2
7263,911,2,906,2,956,3,939,3
7264,839,1,844,1,908,1,852,1
7265,909,2,909,2,937,2,959,4
7267,1004,6,975,5,1032,7,948,4
7268,1002,6,971,5,1002,5,956,4
7270,904,1,886,1,948,2,887,1
7275,986,5,960,4,1000,5,960,4
7276,957,3,941,3,974,4,975,5
7277,1043,8,1010,7,1044,8,989,6
7290,988,5,945,3,990,5,912,2
7291,1019,7,986,6,1026,7,963,5
7292,1015,7,996,6,1035,8,996,6
7300,998,6,956,4,1013,6,915,2
7301,947,3,924,2,961,3,917,2
7302,946,3,926,2,978,4,909,2
7303,962,3,940,3,982,4,942,3
7304,939,2,924,2,963,3,948,4
7305,888,1,870,1,960,3,851,1
7306,945,3,923,2,979,4,928,3
7307,968,4,938,3,976,4,924,2
7310,910,2,893,1,927,2,903,2
7315,936,2,913,2,951,2,909,2
7316,980,4,954,4,993,5,943,4
7320,903,1,888,1,906,1,897,1
7321,966,4,938,3,996,5,916,2
7322,917,2,893,1,935,2,887,1
7325,926,2,909,2,953,2,912,2
7330,935,2,910,2,969,3,884,1
7331,979,4,951,4,983,4,944,4
7466,937,2,913,2,996,5,852,1
7467,842,1,835,1,860,1,842,1
7468,967,4,937,3,964,3,917,2
7469,823,1,821,1,867,1,825,1
7470,885,1,881,1,893,1,883,1
