Date,ASX200,BHP,Reject shop (TRS)
1/3/2016,5270.5,15.898844,9.630605
1/4/2016,5184.399902,15.702342,9.533148
1/5/2016,5123.100098,15.318267,9.719204
1/6/2016,5010.299805,14.585848,9.249632
1/7/2016,4990.799805,14.603714,9.063578
1/10/2016,4932.200195,13.889157,8.9927
1/11/2016,4925.100098,13.406833,9.134457
1/12/2016,4987.399902,13.192467,9.41797
1/13/2016,4909.399902,13.290719,9.409109
1/14/2016,4892.799805,13.460425,9.524287
1/17/2016,4858.700195,13.06742,9.612886
1/18/2016,4903.100098,13.156738,9.772362
1/19/2016,4841.5,12.692279,9.993857
1/20/2016,4864,12.683347,10.144474
1/21/2016,4916,13.630133,10.233072
1/24/2016,5006.600098,13.647996,9.524287
1/26/2016,4946.399902,13.406833,9.763503
1/27/2016,4976.200195,13.487221,9.285073
1/28/2016,5005.5,13.710518,9.302793
1/31/2016,5043.600098,13.621201,9.355952
2/1/2016,4993.299805,13.326447,9.391392
2/2/2016,4876.799805,12.745872,9.276214
2/3/2016,4980.399902,13.799837,9.355952
2/4/2016,4976.200195,14.469733,9.01042
2/7/2016,4975.399902,14.621577,8.585148
2/8/2016,4832.100098,14.335753,8.780065
2/9/2016,4775.700195,13.978477,8.780065
2/10/2016,4821.100098,13.612268,8.718046
2/11/2016,4765.299805,13.478289,8.549709
2/14/2016,4843.5,14.27323,8.877523
2/15/2016,4910,14.818079,8.948401
2/16/2016,4882.100098,14.27323,11.074754
2/17/2016,4992,15.139629,12.235388
2/18/2016,4952.799805,14.835942,11.694939
2/21/2016,5001.200195,15.345063,12.359424
2/22/2016,4979.600098,15.747001,12.510042
2/23/2016,4875,14.45187,12.5632
2/24/2016,4881.200195,14.291095,12.208808
2/25/2016,4880,13.924886,12.102489
2/28/2016,4880.899902,13.907021,12.075912
2/29/2016,4922.299805,14.317891,12.270827
3/1/2016,5021.200195,14.943126,12.501181
3/2/2016,5081.100098,15.407587,12.226527
3/3/2016,5090,15.782728,12.430303
3/6/2016,5142.799805,16.568737,12.678377
3/7/2016,5108,16.265051,12.394864
3/8/2016,5157.200195,15.952436,12.403723
3/9/2016,5150.100098,16.000957,12.394864
3/10/2016,5166.399902,15.9196,12.359424
3/13/2016,5185.5,16.037117,12.279686
3/14/2016,5111.399902,15.485671,12.350565
3/15/2016,5119,15.259669,12.731536
3/16/2016,5168.200195,15.630314,12.53662
3/17/2016,5183.100098,16.36256,11.941357
3/20/2016,5166.600098,16.42584,12.130758
3/21/2016,5166.600098,16.181759,12.248007
3/22/2016,5142.299805,15.910558,12.175855
3/23/2016,5084.200195,15.368151,12.157816
3/28/2016,5004.5,15.105989,12.175855
3/29/2016,5010.299805,15.02463,12.302122
3/30/2016,5082.799805,15.241591,12.626811
3/31/2016,4999.399902,15.341029,12.302122
4/4/2016,4995.299805,14.934226,12.419372
4/5/2016,4924.399902,14.446062,12.22095
4/6/2016,4945.899902,14.590703,12.22997
4/7/2016,4964.100098,14.816706,12.22095
4/8/2016,4937.600098,14.626864,12.130758
4/11/2016,4931.5,14.961346,11.941357
4/12/2016,4975.600098,15.277751,11.616668
4/13/2016,5054.700195,16.199841,11.715878
4/14/2016,5118.600098,17.058647,11.68882
4/15/2016,5157.5,17.429293,11.634705
4/18/2016,5137.100098,16.904966,11.346092
4/19/2016,5188.799805,17.781855,11.174729
4/20/2016,5216,18.387539,10.976307
4/21/2016,5272.700195,19.029387,11.2559
4/22/2016,5236.399902,18.405622,10.994345
4/26/2016,5220.600098,17.863216,10.850039
4/27/2016,5187.700195,17.763775,11.003365
4/28/2016,5225.399902,18.595463,11.183748
4/29/2016,5252.200195,18.694906,11.201786
5/2/2016,5243,18.911865,11.228844
5/3/2016,5353.799805,18.740105,11.319036
5/4/2016,5271.100098,16.986328,11.37315
5/5/2016,5279.100098,16.660885,11.58961
5/6/2016,5292,16.688005,11.851165
5/9/2016,5320.700195,16.642803,11.860184
5/10/2016,5342.799805,16.118479,11.553534
5/11/2016,5372.299805,16.769363,11.571572
5/12/2016,5359.299805,16.805525,11.58059
5/13/2016,5329,16.452963,11.436285
5/16/2016,5358.899902,16.778406,11.273938
5/17/2016,5395.899902,17.366009,11.102576
5/18/2016,5356.200195,17.564892,10.913174
5/19/2016,5323.299805,16.914005,10.985327
5/20/2016,5351.299805,17.040569,10.958269
5/23/2016,5318.899902,16.606644,10.958269
5/24/2016,5295.600098,16.615683,10.868077
5/25/2016,5372.5,17.085768,10.850039
5/26/2016,5388.100098,17.546812,10.859057
5/27/2016,5405.899902,17.510654,10.877096
5/30/2016,5408,17.393131,11.156691
5/31/2016,5378.600098,17.248489,11.102576
6/1/2016,5323.200195,16.715124,11.003365
6/2/2016,5278.899902,16.489122,11.021403
6/3/2016,5318.899902,16.751286,11.120614
6/6/2016,5360.399902,17.375051,10.931211
6/7/2016,5371,17.881296,10.850039
6/8/2016,5370,17.664333,10.859057
6/9/2016,5361.899902,17.727615,10.931211
6/10/2016,5312.600098,16.995367,11.201786
6/14/2016,5203.299805,16.452963,10.985327
6/15/2016,5147.100098,16.10944,10.958269
6/16/2016,5146,16.172718,10.850039
6/17/2016,5162.700195,16.344481,10.94925
6/20/2016,5256.799805,17.058647,10.985327
6/21/2016,5274.399902,16.895926,11.273938
6/22/2016,5270.899902,16.914005,11.192766
6/23/2016,5280.700195,17.221369,11.273938
6/24/2016,5113.200195,15.856316,11.120614
6/27/2016,5137.200195,16.344481,11.093556
6/28/2016,5103.299805,16.299278,11.003365
6/29/2016,5142.399902,16.543364,10.868077
6/30/2016,5233.399902,16.859768,11.003365
7/1/2016,5246.600098,17.25753,11.228844
7/4/2016,5281.799805,17.655294,11.138652
7/5/2016,5228,17.582972,10.832002
7/6/2016,5197.5,16.914005,10.832002
7/7/2016,5227.899902,17.248489,10.822981
7/8/2016,5230.5,17.221369,10.822981
7/11/2016,5337.100098,17.718575,10.822981
7/12/2016,5353.200195,18.016899,10.913174
7/13/2016,5388.5,18.604502,10.904156
7/14/2016,5411.600098,18.387539,10.904156
7/15/2016,5429.600098,18.414663,10.750829
7/18/2016,5458.5,18.27906,10.958269
7/19/2016,5451.299805,17.926498,11.2559
7/20/2016,5488.700195,17.402172,11.201786
7/21/2016,5512.399902,17.411211,11.138652
7/22/2016,5498.200195,17.447371,11.05748
7/25/2016,5533.600098,17.393131,11.156691
7/26/2016,5537.5,17.411211,11.05748
7/27/2016,5539.700195,17.953617,11.273938
7/28/2016,5556.600098,18.053057,11.183748
7/29/2016,5562.299805,17.646254,11.616668
8/1/2016,5587.399902,17.781855,12.004492
8/2/2016,5540.5,17.393131,11.454323
8/3/2016,5465.700195,17.25753,11.273938
8/4/2016,5475.799805,17.456411,11.544514
8/5/2016,5497.399902,18.107302,11.463341
8/8/2016,5537.799805,18.514101,11.634705
8/9/2016,5552.5,18.613544,11.860184
8/10/2016,5543.700195,18.477942,11.995473
8/11/2016,5508,18.306179,12.473486
8/12/2016,5530.899902,18.694906,12.771118
8/15/2016,5540,18.224819,12.753079
8/16/2016,5532,18.306179,12.671908
8/17/2016,5535,18.902824,12.85229
8/18/2016,5507.799805,18.857626,13.032674
8/19/2016,5526.700195,19.246351,13.321287
8/22/2016,5515.100098,18.938986,13.709109
8/23/2016,5553.799805,19.056507,13.39344
8/24/2016,5561.700195,19.363871,10.94925
8/25/2016,5541.899902,19.011307,10.534369
8/26/2016,5515.5,18.875704,10.182621
8/29/2016,5469.200195,18.920906,9.921065
8/30/2016,5478.299805,19.083628,9.957144
8/31/2016,5433,18.468901,9.830874
9/1/2016,5415.600098,18.099621,9.740684
9/2/2016,5372.799805,18.108744,9.740684
9/5/2016,5429.600098,18.555759,9.921065
9/6/2016,5413.600098,18.75646,9.830874
9/7/2016,5424.200195,18.701725,9.785779
9/8/2016,5385.799805,18.482777,9.67755
9/9/2016,5339.200195,18.957163,9.542263
9/12/2016,5219.600098,18.190849,9.470108
9/13/2016,5207.799805,18.245584,9.181497
9/14/2016,5227.700195,18.063128,9.091305
9/15/2016,5239.899902,18.309444,9.939106
9/16/2016,5296.700195,18.327688,10.056354
9/19/2016,5294.799805,18.373302,9.76774
9/20/2016,5303.600098,18.802076,9.77676
9/21/2016,5339.600098,18.902426,9.641472
9/22/2016,5374.5,19.413303,9.695588
9/23/2016,5431.299805,19.641371,9.722645
9/26/2016,5431.399902,19.659616,9.749702
9/27/2016,5405.899902,19.614002,9.857932
9/28/2016,5412.399902,19.513653,9.659512
9/29/2016,5471.299805,20.435055,9.650329
9/30/2016,5435.899902,20.416807,9.723785
10/2/2016,5478.5,20.754353,9.668693
10/3/2016,5484,20.891191,9.549326
10/4/2016,5452.899902,20.845581,9.705421
10/5/2016,5483,21.091896,9.42996
10/6/2016,5467.399902,21.256105,9.117771
10/9/2016,5475.399902,21.347334,8.897402
10/10/2016,5479.799805,21.712246,8.787216
10/11/2016,5474.600098,21.383827,8.768853
10/12/2016,5435.5,20.754353,8.842309
10/13/2016,5434,20.562773,8.548485
10/16/2016,5388.700195,20.425932,8.906583
10/17/2016,5410.799805,20.654001,8.677032
10/18/2016,5435.399902,20.498913,8.080199
10/19/2016,5442.100098,20.845581,7.05181
10/20/2016,5430.299805,21.018913,7.0059
10/23/2016,5408.5,21.064526,6.91408
10/24/2016,5442.799805,21.155756,6.611072
10/25/2016,5359.799805,20.836458,6.537616
10/26/2016,5295.5,20.535406,6.409067
10/27/2016,5283.799805,20.964176,6.785531
10/30/2016,5317.700195,21.046282,6.858987
10/31/2016,5290.5,20.799965,6.895716
11/1/2016,5229,20.581017,6.712075
11/2/2016,5225.600098,20.672247,6.702893
11/3/2016,5180.799805,20.316458,6.748803
11/6/2016,5250.799805,20.70874,6.574344
11/7/2016,5257.799805,21.256105,6.684529
11/8/2016,5156.600098,20.581017,6.583526
11/9/2016,5328.799805,22.277859,6.996717
11/10/2016,5370.700195,22.752247,7.373182
11/13/2016,5345.700195,22.661018,7.106902
11/14/2016,5326.200195,22.396454,6.978354
11/15/2016,5327.700195,21.876453,6.941626
11/16/2016,5338.5,21.949438,7.226269
11/17/2016,5359.399902,21.985931,7.161995
11/20/2016,5351.299805,22.150141,7.217087
11/21/2016,5413.299805,23.025927,7.336453
11/22/2016,5484.399902,23.637154,7.40991
11/23/2016,5485.100098,23.637154,7.520094
11/24/2016,5507.799805,24.1754,7.575187
11/27/2016,5464.399902,23.545925,7.648643
11/28/2016,5457.5,23.226629,7.538459
11/29/2016,5440.5,22.268734,7.538459
11/30/2016,5500.200195,23.363474,7.611915
12/1/2016,5444,22.825226,7.492548
12/4/2016,5400.399902,22.971191,7.419092
12/5/2016,5428.700195,23.244875,7.382364
12/6/2016,5478.100098,23.472942,7.510913
12/7/2016,5543.600098,23.755751,7.492548
12/8/2016,5560.600098,23.701015,7.529276
12/11/2016,5562.799805,24.01119,7.492548
12/12/2016,5545,23.828733,7.547641
12/13/2016,5584.600098,23.536804,7.804739
12/14/2016,5538.600098,23.108032,7.76801
12/15/2016,5532.899902,22.80698,7.685371
12/18/2016,5562.100098,22.889086,7.538459
12/19/2016,5591.100098,22.724876,7.602733
12/20/2016,5613.5,22.962069,7.731282
12/21/2016,5643.899902,22.9347,7.786373
12/22/2016,5627.899902,22.469435,7.749645
12/27/2016,5685,23.208382,7.795556
12/28/2016,5699.100098,23.263121,7.786373
12/29/2016,5665.799805,22.861715,7.786373
1/2/2017,5733.200195,23.226629,7.76801
1/3/2017,5736.399902,23.363474,7.749645
1/4/2017,5753.299805,23.381716,7.676189
1/5/2017,5755.600098,23.263121,7.712918
1/8/2017,5807.399902,23.235752,7.685371
1/9/2017,5760.700195,23.135401,7.685371
1/10/2017,5771.5,23.737503,7.703736
1/11/2017,5766.899902,24.047682,7.979197
1/12/2017,5721.100098,24.020313,8.364842
1/15/2017,5748.399902,24.421713,8.649487
1/16/2017,5699.399902,24.366978,8.291387
1/17/2017,5678.799805,24.193645,8.21793
1/18/2017,5692.200195,24.348734,8.116927
1/19/2017,5654.799805,24.038559,7.951651
1/22/2017,5611,24.056803,8.208748
1/23/2017,5650.100098,24.640663,8.135291
1/24/2017,5671.5,25.443466,8.098563
1/26/2017,5714,25.105923,8.116927
1/29/2017,5661.5,24.959961,7.970015
1/30/2017,5620.899902,24.30312,7.786373
1/31/2017,5653.200195,24.704521,7.76801
2/1/2017,5645.399902,24.668032,7.777192
2/2/2017,5621.600098,23.901716,7.694554
2/5/2017,5615.600098,23.637154,7.786373
2/6/2017,5621.899902,23.682768,7.850648
2/7/2017,5651.399902,23.482067,7.703736
2/8/2017,5664.600098,23.190138,7.804739
2/9/2017,5720.600098,23.609787,7.804739
2/12/2017,5760.700195,24.129787,7.795556
2/13/2017,5755.200195,23.910839,7.731282
2/14/2017,5809.100098,24.211891,7.740464
2/15/2017,5816.299805,24.576803,7.712918
2/16/2017,5805.799805,24.30312,7.602733
2/19/2017,5795.100098,24.148029,7.465003
2/20/2017,5791,24.385223,7.391546
2/21/2017,5805.100098,24.221014,7.015082
2/22/2017,5784.700195,23.573296,6.95999
2/23/2017,5739,22.861715,7.116085
2/26/2017,5724.200195,22.797857,7.198723
2/27/2017,5712.200195,22.80698,7.088538
2/28/2017,5704.799805,22.697506,7.015082
3/1/2017,5776.600098,23.445578,7.024264
3/2/2017,5729.600098,23.117153,7.033446
3/5/2017,5746.5,23.49119,7.088538
3/6/2017,5761.399902,23.263121,7.180359
3/7/2017,5759.700195,23.016806,7.318089
3/8/2017,5741.200195,22.328835,7.428275
3/9/2017,5775.600098,22.058578,7.492548
3/12/2017,5757.299805,22.039938,7.50173
3/13/2017,5759.100098,22.244965,7.529276
3/14/2017,5774,22.571135,7.520094
3/15/2017,5785.799805,23.409864,7.474185
3/16/2017,5799.600098,23.148928,7.729631
3/19/2017,5778.899902,23.186203,7.616099
3/20/2017,5774.600098,22.96254,7.52149
3/21/2017,5684.5,22.291557,7.398497
3/22/2017,5708,22.543179,7.247121
3/23/2017,5753.5,22.608414,7.436341
3/26/2017,5746.700195,21.946749,7.625561
3/27/2017,5821.200195,22.272923,7.739092
3/28/2017,5873.5,22.338154,7.928313
3/29/2017,5896.200195,22.431347,7.824241
3/30/2017,5864.899902,22.403391,7.833702
4/3/2017,5872.700195,22.366114,7.758014
4/4/2017,5856.600098,22.291557,7.663404
4/5/2017,5876.200195,23.065054,7.568794
4/6/2017,5856.299805,22.990499,7.493106
4/7/2017,5862.5,22.915947,4.834568
4/10/2017,5912.899902,23.978334,3.935773
4/11/2017,5929.299805,23.680122,4.210142
4/12/2017,5934,23.596249,4.38044
4/13/2017,5889.899902,22.655006,4.19122
4/18/2017,5836.700195,22.300877,4.09661
4/19/2017,5804,22.291557,4.011461
4/20/2017,5821.399902,22.039938,4.058766
4/21/2017,5854.100098,22.403391,4.039844
4/24/2017,5871.799805,22.310196,4.19122
4/26/2017,5912,22.440666,4.030383
4/27/2017,5921.5,22.244965,4.087149
4/28/2017,5924.100098,22.105175,4.020922
5/1/2017,5956.399902,22.254282,3.964156
5/2/2017,5950.399902,22.142452,3.954695
5/3/2017,5892.299805,21.629894,3.869546
5/4/2017,5876.399902,21.657852,3.860085
5/5/2017,5836.600098,21.080063,3.860085
5/8/2017,5870.899902,21.406233,3.869546
5/9/2017,5839.899902,21.5833,3.822241
5/10/2017,5875.399902,21.909472,3.774936
5/11/2017,5878.299805,21.993343,3.822241
5/12/2017,5836.899902,22.133131,3.727631
5/15/2017,5838.399902,22.198368,3.453263
5/16/2017,5850.5,22.38475,3.387035
5/17/2017,5786,22.431347,3.311347
5/18/2017,5738.299805,22.319517,3.23566
5/19/2017,5727.399902,22.62705,3.292426
5/22/2017,5771.200195,22.953222,3.245121
5/23/2017,5760.200195,22.682966,3.23566
5/24/2017,5769,22.552498,3.112667
5/25/2017,5789.600098,22.832073,3.159971
5/26/2017,5751.700195,22.375431,3.14105
5/29/2017,5707.100098,22.217005,3.23566
5/30/2017,5717.899902,22.366114,3.500567
5/31/2017,5724.600098,22.272923,3.519489
6/1/2017,5738.100098,22.114494,3.491107
6/2/2017,5788.100098,22.431347,3.689787
6/5/2017,5754.899902,22.049259,3.500567
6/6/2017,5667.5,21.751045,3.443802
6/7/2017,5667.200195,21.611258,3.387035
6/8/2017,5676.600098,21.723085,3.368114
6/9/2017,5677.799805,21.937431,3.311347
6/13/2017,5772.799805,22.058578,3.396497
6/14/2017,5833.899902,22.077217,3.443802
6/15/2017,5763.200195,21.44351,3.689787
6/16/2017,5774,21.424871,3.784397
6/19/2017,5805.200195,21.434193,3.661404
6/20/2017,5757.299805,21.396914,3.803319
6/21/2017,5665.700195,20.595465,3.708709
6/22/2017,5706,20.642059,3.585716
6/23/2017,5715.899902,20.884357,3.557333
6/26/2017,5720.200195,20.921637,3.71817
6/27/2017,5714.200195,20.930954,3.727631
6/28/2017,5755.700195,21.331678,3.784397
6/29/2017,5818.100098,21.881514,3.850624
6/30/2017,5721.5,21.695129,3.935773
7/3/2017,5684.5,21.648531,3.897929
7/4/2017,5783.799805,22.142452,4.011461
7/5/2017,5763.299805,22.505901,4.030383
7/6/2017,5758.799805,22.645687,4.049305
7/7/2017,5703.600098,22.915947,4.049305
7/10/2017,5724.399902,22.850714,4.124993
7/11/2017,5728.899902,23.093012,4.162837
7/12/2017,5673.799805,23.186203,4.172297
7/13/2017,5736.799805,23.298033,4.304752
7/14/2017,5765.100098,23.419184,4.304752
7/17/2017,5755.5,23.456463,4.399362
7/18/2017,5687.399902,23.391226,4.446666
7/19/2017,5732.100098,23.139606,4.314213
7/20/2017,5761.5,23.270075,4.399362
7/21/2017,5722.799805,22.822754,4.38044
7/24/2017,5688.100098,22.73888,4.465589
7/25/2017,5726.600098,22.887989,4.531816
7/26/2017,5776.600098,23.642845,4.541277
7/27/2017,5785,23.903784,4.730496
7/28/2017,5702.799805,23.605568,4.579121
7/31/2017,5720.600098,24.090168,4.626425
8/1/2017,5772.399902,24.379063,4.579121
8/2/2017,5744.200195,23.996975,4.626425
8/3/2017,5735.100098,23.894463,4.512894
8/4/2017,5720.600098,23.969015,4.19122
8/7/2017,5773.600098,24.379063,4.276369
8/8/2017,5743.799805,24.323147,4.29529
8/9/2017,5765.700195,24.425659,4.304752
8/10/2017,5760.899902,24.295191,4.29529
8/11/2017,5693.100098,23.810591,4.257447
8/14/2017,5730.399902,23.903784,4.427745
8/15/2017,5757.5,23.866508,4.304752
8/16/2017,5785.100098,23.922421,4.361518
8/17/2017,5779.200195,24.155401,4.418284
8/18/2017,5747.100098,23.661482,4.408823
8/21/2017,5725.899902,23.95038,4.257447
8/22/2017,5750.100098,24.211319,4.162837
8/23/2017,5737.200195,24.267233,3.916851
8/24/2017,5745.5,24.78911,3.784397
8/25/2017,5743.899902,24.863663,3.897929
8/28/2017,5709.899902,25.059364,3.888469
8/29/2017,5669,25.040728,3.860085
8/30/2017,5669.700195,25.115282,3.897929
8/31/2017,5714.5,25.516006,4.039844
9/1/2017,5724.600098,25.553284,3.897929
9/5/2017,5706.200195,25.739668,3.926312
9/6/2017,5689.700195,25.84218,3.973617
9/7/2017,5689.899902,25.965204,4.200681
9/8/2017,5672.600098,25.927202,4.162837
9/11/2017,5713.100098,25.46167,4.020922
9/12/2017,5746.399902,25.765692,4.020922
9/13/2017,5744.299805,26.012707,4.002
9/14/2017,5738.700195,25.547176,3.983078
9/15/2017,5695,24.948639,3.973617
9/18/2017,5720.600098,24.96764,3.916851
9/19/2017,5713.600098,24.986639,3.879007
9/20/2017,5709.100098,24.882133,3.860085
9/21/2017,5655.399902,24.692122,3.784397
9/22/2017,5682.100098,24.654119,3.689787
9/25/2017,5683.700195,24.682621,3.689787
9/26/2017,5671,24.50211,3.699249
9/27/2017,5664.299805,24.54011,3.831702
9/28/2017,5670.399902,24.302595,3.765475
9/29/2017,5681.600098,24.492607,3.850624
10/1/2017,5729.299805,24.81563,3.90739
10/2/2017,5701.399902,24.84413,3.784397
10/3/2017,5652.100098,24.701622,3.879007
10/4/2017,5651.799805,24.787127,3.897929
10/5/2017,5710.700195,25.28116,3.841163
10/8/2017,5739.299805,25.233656,4.020922
10/9/2017,5738.100098,25.176653,4.162837
10/10/2017,5772.100098,25.300159,4.153376
10/11/2017,5794.5,24.901134,4.134454
10/12/2017,5814.200195,25.043644,4.124993
10/15/2017,5846.799805,25.604181,4.143915
10/16/2017,5889.600098,25.946203,4.153376
10/17/2017,5890.5,25.813194,4.304752
10/18/2017,5896.100098,25.233656,4.219603
10/19/2017,5907,25.347664,4.030383
10/22/2017,5894,25.16715,3.973617
10/23/2017,5897.600098,25.224155,4.077688
10/24/2017,5905.600098,25.480671,4.162837
10/25/2017,5916.299805,25.309662,4.29529
10/26/2017,5903.200195,25.262159,4.352057
10/29/2017,5919.100098,25.300159,4.352057
10/30/2017,5909,25.214655,4.408823
10/31/2017,5937.799805,25.604181,4.427745
11/1/2017,5931.700195,25.984207,4.512894
11/2/2017,5959.899902,26.307228,4.493972
11/5/2017,5953.799805,26.288225,4.635887
11/6/2017,6014.299805,27.314293,4.616965
11/7/2017,6016.299805,27.067276,4.692653
11/8/2017,6049.399902,27.200285,4.768341
11/9/2017,6029.399902,26.668251,4.967021
11/12/2017,6021.799805,26.867764,5.421149
11/13/2017,5966,26.554243,5.364383
11/14/2017,5934.200195,25.984207,5.402227
11/15/2017,5943.5,25.908201,5.345461
11/16/2017,5957.299805,25.765692,5.288695
11/19/2017,5945.700195,25.765692,5.090014
11/20/2017,5963.5,25.870197,4.976482
11/21/2017,5986.399902,26.221722,5.156241
11/22/2017,5960.600098,26.563744,5.099475
11/23/2017,5982.600098,26.573244,4.919716
11/26/2017,5988.799805,26.554243,4.900794
11/27/2017,5984.299805,26.012707,4.891334
11/28/2017,6011.100098,26.259724,4.967021
11/29/2017,5969.899902,25.936703,4.985943
11/30/2017,5989.799805,26.202719,5.004865
12/3/2017,5985.600098,26.611248,5.137319
12/4/2017,5971.700195,26.364231,5.213007
12/5/2017,5946.100098,25.841696,5.203546
12/6/2017,5977.700195,25.784691,5.203546
12/7/2017,5994.399902,25.813194,5.203546
12/10/2017,5998.299805,25.841696,5.194085
12/11/2017,6013.200195,26.269224,5.127858
12/12/2017,6021.799805,26.307228,5.156241
12/13/2017,6011.299805,26.316729,5.042709
12/14/2017,5997,26.326227,5.108936
12/17/2017,6038.899902,26.839262,5.127858
12/18/2017,6071.799805,27.048273,5.108936
12/19/2017,6075.600098,27.019775,5.099475
12/20/2017,6060.399902,27.399797,5.127858
12/21/2017,6069.700195,27.646816,5.156241
12/26/2017,6069.899902,27.884331,5.288695
12/27/2017,6088.100098,28.036339,5.250851
12/28/2017,6065.100098,28.093344,5.307617
1/1/2018,6061.299805,28.197851,5.345461
1/2/2018,6070.399902,28.672882,5.515759
1/3/2018,6077.100098,28.815392,5.440071
1/4/2018,6122.299805,29.052906,5.610369
1/7/2018,6130.399902,29.024405,5.780667
1/8/2018,6135.799805,29.508936,5.591446
1/9/2018,6096.700195,29.413929,5.780667
1/10/2018,6067.600098,29.299923,5.818511
1/11/2018,6070.100098,29.955467,5.932043
1/14/2018,6077.100098,30.30699,5.865815
1/15/2018,6048.600098,30.078974,5.761745
1/16/2018,6015.799805,29.204916,5.827971
1/17/2018,6014.600098,29.24292,5.704979
1/18/2018,6005.799805,29.157413,5.846893
1/21/2018,5991.899902,29.24292,6.055036
1/22/2018,6037,29.25242,5.894198
1/23/2018,6054.700195,29.147913,5.894198
1/24/2018,6050,29.309425,6.045574
1/28/2018,6075.399902,29.195415,5.979348
1/29/2018,6022.799805,28.824892,5.941504
1/30/2018,6037.700195,28.691883,5.799589
1/31/2018,6090.100098,29.128912,6.026653
2/1/2018,6121.399902,29.271421,6.00773
2/4/2018,6026.200195,28.644381,5.856355
2/5/2018,5833.299805,27.86533,5.629291
2/6/2018,5876.799805,28.368862,5.950965
2/7/2018,5890.700195,27.979338,6.055036
2/8/2018,5838,27.675316,6.017191
2/11/2018,5820.700195,28.083841,5.818511
2/12/2018,5855.899902,28.406864,6.045574
2/13/2018,5841.200195,28.520872,5.80905
2/14/2018,5909,29.822456,5.818511
2/15/2018,5904,29.945967,5.80905
2/18/2018,5941.600098,29.86046,5.761745
2/19/2018,5940.899902,29.73695,5.581986
2/20/2018,5943.700195,28.32136,6.310483
2/21/2018,5950.899902,28.691883,6.509163
2/22/2018,5999.799805,29.147913,6.414554
2/25/2018,6042.200195,29.318926,6.528085
2/26/2018,6056.899902,29.55644,6.414554
2/27/2018,6016,28.976902,6.584851
2/28/2018,5973.299805,28.596878,6.556468
3/1/2018,5928.899902,28.150347,6.660539
3/4/2018,5959.5,27.656317,6.849759
3/5/2018,5962.399902,28.235853,6.849759
3/6/2018,5902,27.950834,7.171433
3/7/2018,5942.899902,28.053871,7.322809
3/8/2018,5963.200195,27.567163,7.04844
3/11/2018,5996.100098,28.141479,7.04844
3/12/2018,5974.700195,27.90786,7.020057
3/13/2018,5935.299805,27.878656,7.190354
3/14/2018,5920.799805,28.09281,7.067362
3/15/2018,5949.399902,28.384834,7.370389
3/18/2018,5959.399902,28.452972,7.458364
3/19/2018,5936.399902,27.90786,7.58544
3/20/2018,5950.299805,28.151215,7.438814
3/21/2018,5937.200195,28.91048,7.634315
3/22/2018,5820.700195,28.005201,7.223763
3/25/2018,5790.5,27.839722,7.409489
3/26/2018,5832.299805,28.219353,7.448589
3/27/2018,5789.5,27.90786,7.282413
3/28/2018,5759.399902,27.460087,7.389938
4/3/2018,5751.899902,27.946796,7.458364
4/4/2018,5761.399902,27.946796,7.60499
4/5/2018,5788.799805,27.752113,7.194438
4/6/2018,5788.700195,27.878656,7.60499
4/9/2018,5808.700195,27.898125,7.888466
4/10/2018,5857,28.112276,8.162168
4/11/2018,5828.700195,28.657391,8.074192
4/12/2018,5815.5,28.852074,7.575665
4/13/2018,5829.100098,28.939682,7.62454
4/16/2018,5841.299805,29.183035,7.409489
4/17/2018,5841.5,29.134365,7.350838
4/18/2018,5861.399902,29.270643,7.429039
4/19/2018,5881,30.098047,7.389938
4/20/2018,5868.799805,30.039642,7.272638
4/23/2018,5886,30.399807,7.429039
4/24/2018,5921.600098,30.438744,7.331288
4/26/2018,5910.799805,30.205124,7.301963
4/27/2018,5953.600098,30.282997,7.233538
4/30/2018,5982.700195,30.127251,7.204212
5/1/2018,6015.200195,30.419275,7.155337
5/2/2018,6050.200195,30.370605,6.83276
5/3/2018,6098.299805,30.682098,6.852311
5/4/2018,6062.899902,30.652895,6.822986
5/7/2018,6084.5,31.100668,6.61771
5/8/2018,6091.899902,30.964388,6.422209
5/9/2018,6108,31.334286,6.256032
5/10/2018,6118.700195,31.8794,6.324458
5/11/2018,6116.200195,32.2785,6.422209
5/14/2018,6135.299805,32.891754,6.373333
5/15/2018,6097.799805,32.658134,6.451533
5/16/2018,6107,33.105904,6.705685
5/17/2018,6094.299805,33.524475,6.79366
5/18/2018,6087.399902,33.174046,6.69591
5/21/2018,6084.5,33.037766,6.412433
5/22/2018,6041.899902,32.813881,6.402658
5/23/2018,6032.5,32.979362,6.422209
5/24/2018,6037.100098,33.008564,6.441759
5/25/2018,6032.799805,32.190895,6.490633
5/28/2018,6004,31.256414,6.471084
5/29/2018,6013.600098,31.421894,6.598159
5/30/2018,5984.700195,31.344023,6.402658
5/31/2018,6011.899902,31.918339,6.471084
6/1/2018,5990.399902,32.20063,6.402658
6/4/2018,6025.5,32.31744,6.431983
6/5/2018,5994.899902,31.869667,6.402658
6/6/2018,6025.100098,32.502388,6.060531
6/7/2018,6057.299805,33.174046,5.816155
6/8/2018,6045.200195,33.16431,5.757505
6/12/2018,6054.399902,32.794411,5.522904
6/13/2018,6023.5,32.366108,5.376278
6/14/2018,6016.600098,32.492653,5.415378
6/15/2018,6094,32.66787,5.376278
6/18/2018,6104.100098,31.889133,5.376278
6/19/2018,6102.100098,31.499769,5.376278
6/20/2018,6172.600098,31.733387,5.444704
6/21/2018,6232.100098,31.889133,5.64998
6/22/2018,6225.200195,31.655516,6.021431
6/25/2018,6210.399902,32.103287,5.581554
6/26/2018,6197.600098,31.772324,5.474029
6/27/2018,6195.899902,32.346642,5.376278
6/28/2018,6215.399902,32.920956,5.415378
6/29/2018,6194.600098,33.008564,5.552229
7/2/2018,6177.799805,32.706802,5.483804
7/3/2018,6210.200195,32.171425,5.395828
7/4/2018,6183.399902,32.171425,5.337178
7/5/2018,6215.5,31.99621,5.376278
7/6/2018,6272.299805,32.268768,5.425153
7/9/2018,6286,32.959892,5.513129
7/10/2018,6258.100098,33.320057,5.571779
7/11/2018,6215.600098,32.882019,5.552229
7/12/2018,6268.299805,32.677601,5.542454
7/13/2018,6268.399902,32.443985,5.581554
7/16/2018,6241.5,32.190895,5.474029
7/17/2018,6203.600098,31.636045,5.552229
7/18/2018,6245.100098,32.677601,5.562004
7/19/2018,6262.700195,32.716541,5.640204
7/20/2018,6285.899902,32.035149,5.620654
7/23/2018,6227.600098,31.587376,5.571779
7/24/2018,6265.799805,32.132488,5.581554
7/25/2018,6247.600098,32.852818,5.737955
7/26/2018,6244.5,32.745739,5.737955
7/27/2018,6300.200195,33.485538,5.503354
7/30/2018,6278.399902,33.28112,5.464253
7/31/2018,6280.200195,33.933311,5.464253
8/1/2018,6275.700195,34.147465,5.493578
8/2/2018,6240.899902,33.018295,5.659754
8/3/2018,6234.799805,32.492653,5.532679
8/6/2018,6273,33.193512,5.679305
8/7/2018,6253.899902,32.726273,5.474029
8/8/2018,6268.5,33.037766,5.542454
8/9/2018,6297.700195,33.057236,5.503354
8/10/2018,6278.399902,32.823616,5.542454
8/13/2018,6252.200195,32.424515,5.562004
8/14/2018,6299.600098,32.920956,5.591329
8/15/2018,6329,32.804146,5.620654
8/16/2018,6328.299805,31.967009,5.601104
8/17/2018,6339.200195,31.869667,5.620654
8/20/2018,6345,32.288235,5.64998
8/21/2018,6284.399902,31.684717,5.66953
8/22/2018,6266,31.227213,5.298078
8/23/2018,6244.399902,31.616577,5.288302
8/24/2018,6247.299805,31.840464,5.122127
8/27/2018,6268.899902,32.20063,4.995051
8/28/2018,6304.700195,32.492653,5.102576
8/29/2018,6352.200195,32.911224,5.083026
8/30/2018,6351.799805,32.882019,5.034151
8/31/2018,6319.5,32.327171,5.014601
9/3/2018,6310.899902,32.132488,4.995051
9/4/2018,6293.100098,32.20063,4.789775
9/5/2018,6230.399902,31.344023,4.701799
9/6/2018,6160.399902,31.4,4.867975
9/7/2018,6143.799805,31.299999,4.897301
9/10/2018,6141.700195,31.200001,4.897301
9/11/2018,6179.700195,31.200001,4.887526
9/12/2018,6175.899902,31.1,4.83865
9/13/2018,6128.700195,31.309999,4.8191
9/14/2018,6165.299805,31.82,4.79955
9/17/2018,6185,31.610001,4.87775
9/18/2018,6161.5,31.48,4.78
9/19/2018,6190,32.400002,4.87775
9/20/2018,6169.5,32.77,4.8191
9/21/2018,6194.600098,33.580002,4.789775
9/24/2018,6186.899902,33.830002,4.789775
9/25/2018,6185.899902,34.099998,4.828875
9/26/2018,6192.299805,34.5,4.78
9/27/2018,6181.200195,34.48,4.82
9/28/2018,6207.600098,34.630001,4.74
10/1/2018,6172.299805,34.610001,4.9
10/2/2018,6126.200195,34.700001,4.76
10/3/2018,6146.100098,35.080002,4.72
10/4/2018,6176.299805,35.41,4.9
10/5/2018,6185.5,35.5,4.82
10/7/2018,6100.299805,34.5,4.8
10/8/2018,6041.100098,34.630001,4.77
10/9/2018,6049.799805,34.720001,4.73
10/10/2018,5883.799805,33.400002,4.66
10/11/2018,5895.700195,33.84,4.5
10/14/2018,5837.100098,33.34,4.43
10/15/2018,5869.899902,33.900002,4.47
10/16/2018,5939.100098,33.66,2.73
10/17/2018,5942.399902,33.200001,2.63
10/18/2018,5939.5,33.099998,2.46
,,,
,,,
