Store Location,Store Number,Customer ID,Customer age,Gender,Date Joined,Most Recent Purchase,Electronics,Furniture,Garden,Groceries,Clothing,Toys,Departments Shopped,Number of Items Purchased,Total Amount of Purchases,
Melbourne,45,SSMM55001,61,Female,20/07/2010,7/07/2012,10013,3488,6999,5165,637,11266,6,99,37568,
Brisbane,77,SSMM55002,43,Female,22/07/2010,7/07/2012,6396,5774,7156,4449,1551,185,6,160,25511,
Perth,12,SSMM55003,55,Female,22/07/2010,6/07/2012,5586,1369,731,1369,224,354,6,139,9633,
Perth,2,SSMM55004,41,Male,22/07/2010,3/07/2012,885,1362,1431,1419,66,0,5,63,5163,
Sydney,23,SSMM55005,68,Female,22/07/2010,29/06/2012,4860,5865,5429,5394,757,18918,6,57,41223, 
Sydney,27,SSMM55006,56,Female,22/07/2010,24/06/2012,216,524,467,4286,1000,304,6,232,6797,
Melbourne,43,SSMM55007,74,Female,22/07/2010,22/06/2012,436,0,467,122,46,0,4,147,1071,
Sydney,36,SSMM55008,77,Female,22/07/2010,16/04/2012,0,238,0,684,190,0,3,145,1112,
Melbourne,54,SSMM55009,62,Male,22/07/2010,13/09/2011,153,0,0,0,0,0,1,46,153,
Perth,13,SSMM55010,65,Female,23/07/2010,25/06/2012,609,0,747,0,0,1934,3,127,3290,
Perth,7,SSMM55011,54,Female,24/07/2010,15/06/2012,1384,0,405,153,41,91,5,135,2074,
Sydney,39,SSMM55012,57,Male,24/07/2010,3/04/2012,260,471,2439,251,45,963,6,170,4429,
Sydney,23,SSMM55013,56,Female,25/07/2010,9/07/2012,5507,285,0,0,0,499,3,27,6291,
Sydney,34,SSMM55014,51,Female,25/07/2010,28/06/2012,938,2163,0,854,304,0,4,197,4259,
Brisbane,67,SSMM55015,66,Male,25/07/2010,21/06/2012,4688,4452,1186,4034,1258,1092,6,138,16710,
Brisbane,67,SSMM55016,48,Female,25/07/2010,12/06/2012,1730,1579,825,37,16,122,6,211,4309,
Brisbane,82,SSMM55017,76,Male,25/07/2010,16/04/2012,59,153,248,420,148,963,6,237,1991,
Melbourne,48,SSMM55018,65,Female,25/07/2010,14/04/2012,2150,4308,1029,169,17,0,5,243,7673,
Brisbane,79,SSMM55019,59,Female,25/07/2010,24/08/2011,527,0,0,0,0,216,2,55,743,
Brisbane,79,SSMM55020,43,Female,27/07/2010,13/07/2012,2273,1526,5130,3720,734,869,6,37,14252,
Melbourne,44,SSMM55021,53,Female,27/07/2010,16/06/2012,1862,131,869,2512,1242,279,6,125,6895,
Perth,11,SSMM55022,61,Male,27/07/2010,17/04/2012,1262,464,0,2414,122,0,4,192,4262,
Melbourne,51,SSMM55023,44,Female,29/07/2010,7/07/2012,492,91,464,1431,67,0,5,100,2545,
Sydney,30,SSMM55024,66,Female,30/07/2010,12/07/2012,2593,4377,5535,2223,456,2216,6,118,17400,
Sydney,27,SSMM55025,75,Female,30/07/2010,6/07/2012,474,379,1626,1478,23,298,6,65,4278,
Brisbane,71,SSMM55026,69,Male,30/07/2010,25/02/2012,6656,0,0,0,0,0,1,32,6656,
Sydney,38,SSMM55027,37,Female,31/07/2010,12/07/2012,712,7410,408,1855,68,0,5,90,10453,
Brisbane,74,SSMM55028,42,Female,31/07/2010,9/07/2012,379,1265,248,832,394,0,5,25,3118,
Sydney,26,SSMM55029,51,Male,31/07/2010,15/05/2012,916,285,141,4980,2267,0,5,67,8589,
Melbourne,62,SSMM55030,60,Male,31/07/2010,12/04/2012,81,2373,467,0,0,1004,4,179,3925,
Brisbane,64,SSMM55031,59,Female,1/08/2010,12/07/2012,8229,1667,1921,1488,220,6361,6,153,19886,
Melbourne,47,SSMM55032,61,Female,1/08/2010,9/07/2012,5887,612,4085,709,109,2113,6,73,13515,
Brisbane,80,SSMM55033,18,Female,2/08/2010,23/06/2012,0,417,0,5061,2321,0,3,132,7799,
Sydney,34,SSMM55034,46,Male,2/08/2010,19/05/2012,75,449,935,1312,630,0,5,151,3401,
Perth,14,SSMM55035,58,Female,2/08/2010,12/04/2012,797,609,0,0,0,756,3,58,2162,
Melbourne,61,SSMM55036,42,Male,3/08/2010,12/07/2012,587,1761,1434,3388,1585,0,5,136,8755,
Melbourne,51,SSMM55037,48,Female,3/08/2010,11/07/2012,0,681,4606,1651,724,0,4,59,7662,
Perth,14,SSMM55038,56,Female,4/08/2010,8/07/2012,3846,219,4154,1164,200,662,6,120,10245,
Brisbane,71,SSMM55039,78,Male,4/08/2010,26/06/2012,3045,1576,0,7228,424,0,4,131,12273,
Melbourne,47,SSMM55040,42,Male,4/08/2010,7/06/2012,555,282,122,521,170,0,5,233,1650,
Perth,21,SSMM55041,52,Female,5/08/2010,11/07/2012,1033,584,1582,649,175,185,6,220,4208,
Melbourne,54,SSMM55042,44,Female,5/08/2010,9/07/2012,1139,825,2373,3532,156,0,5,227,8025,
Melbourne,58,SSMM55043,27,Female,6/08/2010,13/07/2012,50,3278,1186,367,8,2150,6,32,7039,
Brisbane,73,SSMM55044,61,Male,6/08/2010,11/06/2012,2323,1491,1679,794,34,3519,6,12,9840,
Perth,15,SSMM55045,64,Female,7/08/2010,29/06/2012,3275,822,992,43,16,3987,6,22,9135,
Brisbane,67,SSMM55046,59,Female,8/08/2010,19/06/2012,1397,2436,0,3416,431,1183,5,8,8863,
Brisbane,81,SSMM55047,39,Female,9/08/2010,13/07/2012,37,734,1051,1670,304,310,6,111,4106,
Brisbane,74,SSMM55048,57,Female,9/08/2010,9/07/2012,4427,4063,4684,3400,801,2863,6,123,20238,
Perth,3,SSMM55049,46,Female,11/08/2010,5/07/2012,835,1243,637,4342,874,492,6,135,8423,
Brisbane,67,SSMM55050,48,Female,12/08/2010,3/07/2012,1482,3221,4182,2311,271,0,5,102,11467,
Sydney,35,SSMM55051,41,Female,14/08/2010,15/06/2012,238,6170,248,671,137,0,5,177,7464,
Melbourne,59,SSMM55052,59,Male,15/08/2010,13/07/2012,747,1033,1001,2910,622,929,6,35,7242,
Sydney,25,SSMM55053,70,Female,15/08/2010,11/07/2012,1934,1158,3271,3846,669,2050,6,9,12928,
Melbourne,55,SSMM55054,52,Female,15/08/2010,7/07/2012,747,3764,2785,204,42,0,5,199,7542,
Perth,6,SSMM55055,56,Female,15/08/2010,7/07/2012,14255,3915,1475,3667,626,2263,6,182,26201,
Perth,18,SSMM55056,62,Male,15/08/2010,6/07/2012,1686,3482,590,863,22,3968,6,89,10611,
Sydney,41,SSMM55057,62,Male,15/08/2010,6/07/2012,1887,3680,2172,1337,166,1362,6,59,10604,
Melbourne,47,SSMM55058,73,Male,15/08/2010,3/07/2012,2939,3636,1249,951,266,59,6,297,9100,
Sydney,40,SSMM55059,62,Male,15/08/2010,30/06/2012,2829,4763,7190,5695,1637,2251,6,64,24365,
Melbourne,54,SSMM55060,49,Female,15/08/2010,28/06/2012,3086,2508,2047,2141,416,405,6,123,10603,
Melbourne,60,SSMM55061,62,Female,15/08/2010,25/06/2012,2565,3070,1949,1799,739,1089,6,161,11211,
Brisbane,78,SSMM55062,67,Female,15/08/2010,21/06/2012,3463,2116,0,3410,210,0,4,192,9199,
Perth,14,SSMM55063,34,Male,15/08/2010,18/06/2012,307,1136,94,423,161,0,5,193,2121,
Brisbane,78,SSMM55064,43,Female,15/08/2010,19/05/2012,0,1416,653,2398,804,373,5,68,5644,
Melbourne,58,SSMM55065,53,Female,15/08/2010,6/05/2012,558,116,1494,671,152,0,5,65,2991,
Melbourne,50,SSMM55066,65,Male,15/08/2010,16/04/2012,0,153,0,828,13,2031,4,112,3025,
Brisbane,66,SSMM55067,17,Female,15/08/2010,15/10/2011,0,0,0,737,13,0,2,10,750,
Sydney,26,SSMM55068,73,Female,15/08/2010,7/08/2011,436,0,0,0,0,0,1,10,436,
Brisbane,80,SSMM55069,49,Female,16/08/2010,12/07/2012,1252,6999,2398,3884,787,1485,6,91,16805,
Perth,7,SSMM55070,30,Female,16/08/2010,11/07/2012,1846,379,0,464,173,0,4,24,2862,
Perth,16,SSMM55071,53,Male,16/08/2010,11/07/2012,1905,1070,433,2656,28,0,5,101,6092,
Perth,4,SSMM55072,47,Female,16/08/2010,7/07/2012,3510,3215,12446,5755,2822,2376,6,73,30124,
Brisbane,68,SSMM55073,59,Female,16/08/2010,6/07/2012,7256,2681,2468,1099,516,3733,6,147,17753,
Perth,16,SSMM55074,70,Female,16/08/2010,3/07/2012,1949,2364,656,690,330,401,6,196,6390,
Melbourne,46,SSMM55075,65,Female,16/08/2010,1/07/2012,756,803,1083,1237,431,4295,6,281,8605,
Melbourne,46,SSMM55076,54,Female,16/08/2010,1/07/2012,1780,6308,257,317,32,3978,6,218,12672,
Sydney,41,SSMM55077,30,Female,16/08/2010,30/06/2012,803,4066,1434,1563,326,285,6,136,8477,
Melbourne,48,SSMM55078,69,Female,16/08/2010,29/06/2012,4867,3730,2125,2405,966,2521,6,187,16614,
Melbourne,55,SSMM55079,70,Female,16/08/2010,29/06/2012,916,2480,301,1767,172,0,5,70,5636,
Brisbane,74,SSMM55080,49,Female,16/08/2010,30/05/2012,69,1516,436,1513,309,1212,6,68,5055,
Melbourne,58,SSMM55081,65,Male,16/08/2010,16/05/2012,467,0,6986,244,116,0,4,128,7813,
Melbourne,52,SSMM55082,67,Male,17/08/2010,13/07/2012,1777,2552,2464,1321,329,0,5,196,8443,
Brisbane,70,SSMM55083,45,Female,17/08/2010,9/07/2012,138,571,2179,3246,1327,0,5,101,7461,
Sydney,37,SSMM55084,61,Female,17/08/2010,5/07/2012,8342,1397,2307,43,12,0,5,225,12101,
Perth,3,SSMM55085,62,Female,17/08/2010,1/07/2012,1171,2606,3683,2587,788,1202,6,245,12037,
Sydney,34,SSMM55086,58,Female,17/08/2010,25/06/2012,618,850,1814,954,171,543,6,296,4950,
Melbourne,54,SSMM55087,37,Female,17/08/2010,12/06/2012,0,4904,3249,2135,309,0,4,32,10597,
Perth,19,SSMM55088,23,Male,17/08/2010,18/04/2012,0,565,430,84,20,0,4,96,1099,
Brisbane,70,SSMM55089,59,Male,18/08/2010,3/07/2012,665,1029,8223,496,119,872,6,30,11404,
Sydney,32,SSMM55090,67,Female,18/08/2010,3/07/2012,2128,2019,2059,3670,1374,1133,6,23,12383,
Perth,14,SSMM55091,58,Male,18/08/2010,22/06/2012,6882,7595,9934,756,315,8892,6,215,34374,
Sydney,35,SSMM55092,54,Female,18/08/2010,20/06/2012,1205,5463,4408,2697,215,3140,6,77,17128,
Melbourne,53,SSMM55093,50,Male,19/08/2010,13/07/2012,5805,22218,14704,11250,5387,1102,6,118,60466,
Perth,7,SSMM55094,66,Female,19/08/2010,10/07/2012,1183,2292,1350,2216,325,2725,6,260,10091,
Melbourne,45,SSMM55095,71,Female,19/08/2010,6/07/2012,248,1642,1777,3070,777,0,5,82,7514,
Melbourne,51,SSMM55096,68,Male,19/08/2010,5/07/2012,2317,3705,0,1023,32,0,4,7,7077,
Perth,12,SSMM55097,30,Female,19/08/2010,1/07/2012,0,4578,3538,1306,340,0,4,54,9762,
Perth,17,SSMM55098,61,Male,19/08/2010,26/05/2012,2226,0,310,634,113,106,5,43,3389,
Brisbane,79,SSMM55099,75,Female,19/08/2010,22/04/2012,2854,599,106,4681,828,0,5,112,9068,
Brisbane,83,SSMM55100,69,Female,19/08/2010,21/04/2012,0,251,1127,0,0,0,2,13,1378,
Sydney,24,SSMM55101,58,Female,20/08/2010,13/07/2012,5378,8565,5039,8157,3190,2292,6,191,32621,
Sydney,30,SSMM55102,47,Male,20/08/2010,8/07/2012,4091,392,1180,2866,1016,1852,6,185,11397,
Perth,17,SSMM55103,32,Male,20/08/2010,4/07/2012,3388,8154,12830,863,168,2317,6,99,27720,
Sydney,28,SSMM55104,41,Female,20/08/2010,4/07/2012,91,9247,1268,690,99,0,5,85,11395,
Brisbane,81,SSMM55105,70,Female,20/08/2010,2/07/2012,1108,2414,3808,606,220,606,6,227,8762,
Brisbane,70,SSMM55106,63,Male,20/08/2010,29/06/2012,370,1993,624,2496,494,0,5,44,5977,
Perth,6,SSMM55107,57,Male,20/08/2010,27/06/2012,3579,7828,6572,4333,808,401,6,178,23521,
Melbourne,55,SSMM55108,65,Female,20/08/2010,25/06/2012,2436,216,3086,2995,1104,2788,6,231,12625,
Perth,10,SSMM55109,54,Male,20/08/2010,14/06/2012,367,2094,747,1563,619,2019,6,64,7409,
Melbourne,56,SSMM55110,33,Female,20/08/2010,9/06/2012,0,1127,1089,0,0,0,2,59,2216,
Perth,10,SSMM55111,35,Male,20/08/2010,1/06/2012,942,521,0,147,70,1120,5,150,2800,
Perth,16,SSMM55112,73,Female,20/08/2010,15/04/2012,2282,675,2226,3092,1191,43,6,190,9509,
Melbourne,63,SSMM55113,67,Male,20/08/2010,20/09/2011,43,53,0,263,3,0,4,139,362,
Brisbane,82,SSMM55114,51,Female,21/08/2010,26/06/2012,1921,2358,3070,781,152,0,5,40,8282,
Sydney,27,SSMM55115,56,Female,21/08/2010,14/06/2012,436,0,314,1155,519,0,4,57,2424,
Melbourne,49,SSMM55116,46,Female,22/08/2010,12/07/2012,1161,6550,6886,4254,1445,91,6,258,20387,
Sydney,22,SSMM55117,52,Female,22/08/2010,8/07/2012,2543,2241,6053,772,197,5604,6,268,17410,
Melbourne,46,SSMM55118,50,Male,22/08/2010,6/07/2012,3039,8135,6358,4945,1539,1748,6,139,25764,
Melbourne,56,SSMM55119,56,Female,22/08/2010,5/07/2012,0,2263,1899,741,12,0,4,134,4915,
Sydney,35,SSMM55120,52,Female,22/08/2010,31/05/2012,361,1340,323,207,71,606,6,289,2908,
Perth,5,SSMM55121,47,Female,23/08/2010,12/07/2012,1664,5595,69,1315,584,0,5,24,9227,
Perth,18,SSMM55122,47,Male,23/08/2010,11/07/2012,0,558,2238,1007,133,0,4,178,3936,
Perth,16,SSMM55123,58,Female,23/08/2010,10/07/2012,2574,2263,458,734,212,2395,6,191,8636,
Brisbane,73,SSMM55124,66,Female,23/08/2010,27/06/2012,467,901,2813,1987,58,778,6,87,7004,
Sydney,34,SSMM55125,51,Female,23/08/2010,16/04/2012,1051,0,747,147,71,0,4,123,2016,
Brisbane,71,SSMM55126,34,Female,24/08/2010,12/07/2012,4531,1585,2929,1127,424,3899,6,78,14495,
Sydney,36,SSMM55127,56,Male,24/08/2010,2/07/2012,1742,335,7030,1943,83,1117,6,264,12250,
Sydney,23,SSMM55128,50,Female,24/08/2010,1/07/2012,4176,3956,8421,3708,1553,1931,6,223,23745,
Perth,19,SSMM55129,61,Female,24/08/2010,19/06/2012,5115,153,1095,477,206,433,6,23,7479,
Brisbane,75,SSMM55130,73,Female,24/08/2010,20/05/2012,1818,4697,759,106,47,935,6,182,8362,
Perth,13,SSMM55131,67,Female,24/08/2010,20/05/2012,0,0,562,797,245,3698,4,15,5302,
Melbourne,44,SSMM55132,61,Male,24/08/2010,17/04/2012,467,216,0,81,37,0,4,12,801,
Sydney,38,SSMM55133,45,Female,24/08/2010,1/04/2012,0,1183,0,963,153,1576,4,158,3875,
Brisbane,82,SSMM55134,54,Female,24/08/2010,23/12/2011,304,558,0,1337,389,405,5,53,2993,
Brisbane,70,SSMM55135,71,Female,24/08/2010,14/11/2011,2157,91,0,163,76,0,4,20,2487,
Perth,15,SSMM55136,59,Male,24/08/2010,29/08/2011,527,0,91,719,56,0,4,66,1393,
Perth,17,SSMM55137,47,Female,24/08/2010,1/08/2011,0,323,0,0,0,0,1,11,323,
Sydney,37,SSMM55138,72,Female,26/08/2010,26/06/2012,4468,4747,3670,4882,1720,449,6,138,19936,
Sydney,35,SSMM55139,26,Female,26/08/2010,12/06/2012,31,345,2593,1271,529,122,6,181,4891,
Melbourne,44,SSMM55140,69,Female,26/08/2010,24/05/2012,4584,216,1409,2442,348,373,6,3,9372,
Sydney,34,SSMM55141,41,Female,29/08/2010,4/07/2012,1199,3118,3356,913,8,3928,6,213,12522,
Brisbane,73,SSMM55142,54,Female,30/08/2010,5/07/2012,1337,7394,6399,7247,1749,0,5,103,24126,
Melbourne,48,SSMM55143,74,Male,30/08/2010,23/06/2012,9350,3001,6823,276,117,467,6,14,20034,
Sydney,37,SSMM55144,42,Male,3/09/2010,8/04/2012,0,0,310,91,20,0,3,52,421,
Melbourne,50,SSMM55145,55,Male,5/09/2010,12/05/2012,75,810,2188,232,89,1915,6,37,5309,
Perth,13,SSMM55146,46,Female,6/09/2010,12/07/2012,7985,1814,3494,3121,1248,1683,6,5,19345,
Brisbane,76,SSMM55147,55,Male,6/09/2010,25/06/2012,4832,4710,1309,1664,760,524,6,177,13799,
Sydney,38,SSMM55148,63,Male,6/09/2010,18/05/2012,0,0,0,131,35,0,2,77,166,
Brisbane,80,SSMM55149,41,Female,6/09/2010,24/04/2012,1463,1023,938,1601,239,182,6,225,5446,
Perth,8,SSMM55150,61,Female,7/09/2010,29/06/2012,310,213,2125,216,38,4524,6,277,7426,
Sydney,26,SSMM55151,42,Male,7/09/2010,28/06/2012,248,2132,2471,2169,161,0,5,81,7181,
Sydney,24,SSMM55152,73,Female,10/09/2010,29/06/2012,8082,1959,0,1089,239,0,4,102,11369,
Sydney,36,SSMM55153,35,Female,10/09/2010,13/12/2011,182,0,0,0,0,0,1,2,182,
Brisbane,71,SSMM55154,71,Female,11/09/2010,17/06/2012,2694,0,0,254,45,0,3,114,2993,
Melbourne,61,SSMM55155,53,Male,13/09/2010,1/07/2012,5793,1372,2075,401,84,0,5,153,9725,
Brisbane,81,SSMM55156,29,Male,16/09/2010,30/06/2012,150,2373,59,160,66,0,5,115,2808,
Perth,14,SSMM55157,43,Female,17/09/2010,11/06/2012,0,226,125,508,104,282,5,16,1245,
Brisbane,83,SSMM55158,68,Female,18/09/2010,26/06/2012,979,3089,1249,329,133,1193,6,6,6972,
Sydney,38,SSMM55159,41,Female,19/09/2010,8/07/2012,838,715,1620,2725,313,370,6,85,6581,
Sydney,39,SSMM55160,62,Female,19/09/2010,1/07/2012,2832,951,558,527,131,4857,6,69,9856,
Melbourne,50,SSMM55161,46,Male,21/09/2010,9/07/2012,100,235,2342,2292,1016,0,5,204,5985,
Sydney,26,SSMM55162,54,Female,21/09/2010,18/06/2012,2091,329,467,1017,77,0,5,97,3981,
Sydney,32,SSMM55163,65,Female,22/09/2010,11/07/2012,653,332,310,169,77,1679,6,209,3220,
Sydney,27,SSMM55164,62,Female,24/09/2010,12/03/2012,0,244,0,0,0,624,2,23,868,
Sydney,42,SSMM55165,28,Female,25/09/2010,8/06/2012,1510,624,0,116,23,533,5,5,2806,
Melbourne,55,SSMM55166,28,Female,25/09/2010,26/01/2012,307,0,0,775,242,138,4,55,1462,
Perth,4,SSMM55167,69,Female,28/09/2010,28/05/2012,351,191,938,323,34,0,5,203,1837,
Perth,15,SSMM55168,68,Female,29/09/2010,18/06/2012,1836,216,2813,496,248,574,6,245,6183,
Perth,8,SSMM55169,53,Female,29/09/2010,30/05/2012,109,0,3557,1293,236,0,4,167,5195,
Perth,16,SSMM55170,56,Female,30/09/2010,11/07/2012,94,1425,0,370,24,263,5,19,2176,
Melbourne,57,SSMM55171,28,Female,1/10/2010,30/06/2012,1739,2295,122,3334,427,527,6,113,8444,
Perth,11,SSMM55172,50,Female,1/10/2010,12/05/2012,3174,4656,1482,1497,615,1130,6,2,12554,
Brisbane,71,SSMM55173,26,Male,2/10/2010,13/07/2012,1299,810,1500,524,235,0,5,20,4368,
Perth,3,SSMM55174,71,Male,4/10/2010,24/05/2012,323,1362,527,0,0,0,3,21,2212,
Sydney,34,SSMM55175,66,Female,4/10/2010,1/01/2012,72,31,624,1007,407,1026,6,210,3167,
Perth,20,SSMM55176,71,Female,7/10/2010,4/06/2012,153,1073,2468,0,0,1372,4,74,5066,
Perth,5,SSMM55177,52,Male,8/10/2010,21/04/2012,91,87,938,474,211,0,5,139,1801,
Sydney,41,SSMM55178,41,Female,9/10/2010,5/07/2012,0,0,938,0,0,0,1,48,938,
Melbourne,59,SSMM55179,64,Female,10/10/2010,13/07/2012,1717,885,1843,222,99,7357,6,83,12123,
Sydney,29,SSMM55180,62,Female,11/10/2010,2/06/2012,4031,904,4493,4559,1223,3441,6,174,18651,
Sydney,36,SSMM55181,66,Female,12/10/2010,2/02/2012,671,2549,467,0,0,0,3,36,3687,
Perth,2,SSMM55182,67,Female,14/10/2010,24/06/2012,0,1683,1343,153,3,1215,5,197,4397,
Melbourne,50,SSMM55183,58,Female,15/10/2010,26/06/2012,866,1874,1007,1990,479,1055,6,100,7271,
Melbourne,54,SSMM55184,45,Male,16/10/2010,1/07/2012,857,4135,7608,1598,357,0,5,107,14555,
Melbourne,44,SSMM55185,65,Male,16/10/2010,12/06/2012,785,295,763,157,68,2945,6,59,5013,
Brisbane,69,SSMM55186,60,Male,16/10/2010,12/11/2011,18,835,1095,216,17,91,6,239,2272,
Sydney,32,SSMM55187,63,Male,17/10/2010,31/05/2012,0,232,1504,0,0,574,3,146,2310,
Perth,19,SSMM55188,38,Male,18/10/2010,12/07/2012,1686,3334,2700,81,24,703,6,261,8528,
Perth,5,SSMM55189,44,Male,22/10/2010,9/07/2012,1007,1808,1218,709,8,794,6,189,5544,
Melbourne,60,SSMM55190,16,Female,23/10/2010,5/07/2012,0,59,0,3862,86,0,3,88,4007,
Melbourne,44,SSMM55191,46,Male,23/10/2010,30/06/2012,756,7919,7344,3934,1783,329,6,213,22065,
Brisbane,65,SSMM55192,49,Male,23/10/2010,3/04/2012,0,0,935,0,0,960,2,81,1895,
Brisbane,66,SSMM55193,53,Male,25/10/2010,31/10/2011,0,91,0,0,0,0,1,21,91,
Sydney,40,SSMM55194,48,Male,28/10/2010,29/06/2012,9350,6201,885,100,44,3111,6,205,19691,
Melbourne,47,SSMM55195,41,Female,30/10/2010,27/06/2012,0,4207,1218,1874,458,0,4,166,7757,
Sydney,35,SSMM55196,43,Female,5/11/2010,12/03/2012,0,0,248,665,317,0,3,85,1230,
Brisbane,75,SSMM55197,61,Female,5/11/2010,14/10/2011,0,0,0,0,0,405,1,1,405,
Sydney,22,SSMM55198,69,Male,8/11/2010,30/06/2012,4970,1573,4166,3077,286,3689,6,131,17761,
Brisbane,69,SSMM55199,71,Male,11/11/2010,21/02/2012,0,1362,0,0,0,0,1,15,1362,
Perth,14,SSMM55200,46,Female,12/11/2010,28/06/2012,1089,979,1343,2728,264,464,6,218,6867,
Melbourne,45,SSMM55201,59,Female,12/11/2010,23/06/2012,1243,449,1092,2596,180,850,6,158,6410,
Brisbane,66,SSMM55202,59,Female,16/11/2010,19/05/2012,565,2285,1497,285,61,2204,6,106,6897,
Sydney,29,SSMM55203,55,Female,22/11/2010,7/06/2012,1931,163,872,1504,292,0,5,127,4762,
Brisbane,66,SSMM55204,45,Female,24/11/2010,1/04/2012,59,5714,1092,1836,555,0,5,100,9256,
Sydney,23,SSMM55205,54,Male,30/11/2010,10/04/2012,621,270,0,1026,197,0,4,129,2114,
Brisbane,69,SSMM55206,55,Male,2/12/2010,15/04/2012,1846,2876,310,238,24,292,6,156,5586,
Sydney,37,SSMM55207,62,Male,3/12/2010,29/05/2012,4421,471,1431,373,171,1777,6,49,8644,
Brisbane,84,SSMM55208,44,Male,5/12/2010,2/04/2012,0,310,0,0,0,0,1,16,310,
Perth,10,SSMM55209,39,Female,6/12/2010,9/07/2012,709,1541,310,0,0,0,3,90,2560,
Melbourne,59,SSMM55210,53,Female,9/12/2010,26/05/2012,747,1265,546,153,55,0,5,90,2766,
Perth,9,SSMM55211,73,Female,10/12/2010,13/07/2012,241,778,1186,3303,473,0,5,98,5981,
Perth,18,SSMM55212,50,Female,11/12/2010,13/07/2012,3278,467,5240,449,90,122,6,12,9646,
Brisbane,78,SSMM55213,58,Female,11/12/2010,27/06/2012,2395,4282,1152,295,70,838,6,190,9032,
Perth,6,SSMM55214,62,Female,12/12/2010,21/04/2012,1488,2584,1372,514,79,138,6,17,6175,
Melbourne,59,SSMM55215,60,Male,13/12/2010,27/06/2012,1356,533,2468,2207,179,756,6,253,7499,
Perth,20,SSMM55216,49,Female,13/12/2010,5/06/2012,2323,4304,449,1956,864,1422,6,100,11318,
Sydney,32,SSMM55217,68,Male,14/12/2010,13/04/2012,1202,0,0,0,0,0,1,45,1202,
Perth,6,SSMM55218,67,Male,14/12/2010,30/01/2012,467,0,0,0,0,0,1,28,467,
Sydney,30,SSMM55219,63,Female,15/12/2010,9/07/2012,15665,2398,3086,2270,1095,4625,6,30,29139,
Perth,13,SSMM55220,71,Female,15/12/2010,25/06/2012,3727,1312,91,2006,285,59,6,225,7480,
Perth,10,SSMM55221,53,Male,15/12/2010,7/03/2012,1252,794,499,78,4,687,6,270,3314,
Brisbane,77,SSMM55222,64,Female,17/12/2010,27/02/2012,273,0,3061,405,20,3978,5,207,7737,
Melbourne,58,SSMM55223,74,Female,18/12/2010,25/06/2012,4634,354,59,5250,362,0,5,176,10659,
Melbourne,52,SSMM55224,42,Male,20/12/2010,30/05/2012,0,1350,1117,2474,764,0,4,82,5705,
Sydney,32,SSMM55225,65,Male,20/12/2010,25/10/2011,0,1937,0,0,0,0,1,25,1937,
Brisbane,81,SSMM55226,45,Female,21/12/2010,13/07/2012,0,298,0,1755,755,0,3,52,2808,
Perth,10,SSMM55227,52,Female,21/12/2010,23/06/2012,37,2625,938,4675,2017,0,5,29,10292,
Brisbane,65,SSMM55228,73,Female,21/12/2010,8/06/2012,0,2461,2552,1949,713,0,4,85,7675,
Melbourne,51,SSMM55229,57,Male,24/12/2010,21/06/2012,624,0,6458,47,20,210,5,9,7359,
Sydney,37,SSMM55230,54,Female,25/12/2010,23/06/2012,0,649,2188,128,41,681,5,203,3687,
Perth,9,SSMM55231,50,Female,28/12/2010,24/06/2012,0,1943,279,370,85,467,5,37,3144,
Melbourne,57,SSMM55232,65,Female,28/12/2010,17/02/2012,248,307,1026,2106,429,678,6,119,4794,
Brisbane,80,SSMM55233,29,Male,29/12/2010,27/06/2012,471,5397,2766,2141,947,719,6,143,12441,
Perth,7,SSMM55234,36,Male,30/12/2010,20/06/2012,467,7438,4314,3315,520,0,5,144,16054,
Melbourne,45,SSMM55235,22,Male,31/12/2010,22/05/2012,0,967,967,0,0,0,2,95,1934,
Perth,2,SSMM55236,63,Male,1/01/2011,8/07/2012,75,2637,1657,486,217,1730,6,109,6802,
Sydney,33,SSMM55237,50,Female,1/01/2011,28/06/2012,2053,587,7099,1095,149,2119,6,71,13102,
Perth,15,SSMM55238,63,Male,2/01/2011,25/06/2012,2072,1576,3118,518,205,2634,6,94,10123,
Brisbane,83,SSMM55239,65,Female,2/01/2011,24/06/2012,2477,4559,628,1978,550,3011,6,207,13203,
Melbourne,60,SSMM55240,62,Male,3/01/2011,9/07/2012,2267,3391,5457,1717,384,1868,6,269,15084,
Sydney,33,SSMM55241,20,Female,3/01/2011,9/04/2012,75,5787,0,1284,589,527,5,4,8262,
Sydney,37,SSMM55242,60,Female,4/01/2011,22/05/2012,938,2439,3771,1497,622,649,6,175,9916,
Melbourne,61,SSMM55243,40,Female,4/01/2011,12/04/2012,191,1679,0,348,127,4022,5,245,6367,
Sydney,35,SSMM55244,51,Female,5/01/2011,20/06/2012,332,75,1852,0,0,1149,4,59,3408,
Sydney,23,SSMM55245,54,Female,7/01/2011,12/07/2012,1309,2747,131,282,101,0,5,145,4570,
Perth,12,SSMM55246,51,Female,7/01/2011,7/07/2012,2618,2898,5947,3560,18,464,6,120,15505,
Brisbane,72,SSMM55247,42,Male,7/01/2011,31/05/2012,87,301,0,1036,328,0,4,112,1752,
Brisbane,72,SSMM55248,49,Female,7/01/2011,22/08/2011,0,0,0,351,106,0,2,23,457,
Brisbane,67,SSMM55249,51,Female,8/01/2011,5/07/2012,2169,998,185,1186,426,1026,6,254,5990,
Sydney,42,SSMM55250,52,Female,10/01/2011,3/04/2012,0,624,0,0,0,0,1,18,624,
Brisbane,67,SSMM55251,74,Female,12/01/2011,2/07/2012,2251,4173,621,813,269,0,5,157,8127,
Brisbane,72,SSMM55252,74,Female,12/01/2011,31/05/2012,521,4543,558,2703,1097,467,6,291,9889,
Perth,7,SSMM55253,53,Male,12/01/2011,1/02/2012,364,0,5096,942,291,0,4,71,6693,
Sydney,37,SSMM55254,48,Female,14/01/2011,11/07/2012,4716,3702,1736,4546,1833,825,6,103,17358,
Melbourne,45,SSMM55255,62,Female,14/01/2011,29/06/2012,185,954,1560,574,18,1158,6,147,4449,
Melbourne,60,SSMM55256,49,Female,14/01/2011,10/01/2012,0,2100,216,0,0,0,2,66,2316,
Perth,6,SSMM55257,58,Female,15/01/2011,4/07/2012,273,2891,715,1818,888,0,5,87,6585,
Melbourne,63,SSMM55258,22,Female,15/01/2011,14/06/2012,59,200,1183,1277,525,75,6,287,3319,
Brisbane,80,SSMM55259,66,Female,15/01/2011,24/03/2012,0,0,1997,1086,171,248,4,152,3502,
Sydney,29,SSMM55260,65,Female,16/01/2011,17/06/2012,2508,3541,2081,916,176,2317,6,55,11539,
Perth,20,SSMM55261,26,Male,16/01/2011,14/05/2012,0,2637,0,153,42,0,3,130,2832,
Melbourne,45,SSMM55262,54,Male,16/01/2011,12/04/2012,549,0,1252,361,49,0,4,17,2211,
Brisbane,76,SSMM55263,56,Female,17/01/2011,1/04/2012,0,182,0,0,0,276,2,7,458,
Melbourne,57,SSMM55264,47,Male,18/01/2011,24/06/2012,810,2490,0,0,0,0,2,89,3300,
Melbourne,52,SSMM55265,39,Female,19/01/2011,9/08/2011,1774,0,0,0,0,0,1,47,1774,
Sydney,40,SSMM55266,66,Female,20/01/2011,10/11/2011,436,750,169,423,114,0,5,24,1892,
Melbourne,61,SSMM55267,73,Male,21/01/2011,30/01/2012,131,59,0,1601,200,0,4,64,1991,
Perth,15,SSMM55268,54,Male,22/01/2011,13/07/2012,3642,7937,0,1315,483,0,4,140,13377,
Sydney,38,SSMM55269,75,Male,23/01/2011,10/07/2012,56,3243,0,6898,2324,0,4,63,12521,
Perth,7,SSMM55270,52,Female,23/01/2011,9/07/2012,954,9036,1962,2003,266,0,5,28,14221,
Brisbane,68,SSMM55271,71,Female,23/01/2011,7/07/2012,436,3278,3340,4411,398,0,5,102,11863,
Perth,19,SSMM55272,69,Male,23/01/2011,4/07/2012,417,8138,1095,238,52,216,6,259,10156,
Melbourne,56,SSMM55273,42,Female,23/01/2011,2/07/2012,0,153,649,998,300,0,4,29,2100,
Perth,7,SSMM55274,76,Male,23/01/2011,25/06/2012,3413,1880,0,153,31,0,4,44,5477,
Brisbane,78,SSMM55275,72,Male,23/01/2011,17/06/2012,3934,1648,53,276,21,0,5,50,5932,
Brisbane,66,SSMM55276,69,Female,23/01/2011,16/06/2012,310,373,0,0,0,747,3,96,1430,
Brisbane,77,SSMM55277,63,Male,23/01/2011,29/05/2012,56,1092,1968,3265,332,806,6,56,7519,
Sydney,25,SSMM55278,39,Male,23/01/2011,3/04/2012,938,2047,1494,420,186,0,5,137,5085,
Sydney,39,SSMM55279,47,Male,24/01/2011,19/06/2012,7313,1667,0,153,72,0,4,188,9205,
Melbourne,54,SSMM55280,25,Female,24/01/2011,27/04/2012,248,163,1343,0,0,75,4,47,1829,
Perth,20,SSMM55281,75,Female,25/01/2011,7/07/2012,2154,540,781,153,36,0,5,4,3664,
Brisbane,64,SSMM55282,57,Female,25/01/2011,11/06/2012,2273,0,0,2797,314,216,4,4,5600,
Perth,18,SSMM55283,59,Female,25/01/2011,8/05/2012,1328,646,938,0,0,0,3,83,2912,
Perth,21,SSMM55284,50,Male,26/01/2011,28/03/2012,323,3874,59,879,13,0,5,219,5148,
Melbourne,55,SSMM55285,60,Female,27/01/2011,11/07/2012,5042,2267,1956,2198,160,2819,6,76,14442,
Brisbane,82,SSMM55286,63,Male,27/01/2011,28/06/2012,1428,417,1968,741,193,1114,6,203,5861,
Perth,14,SSMM55287,48,Female,28/01/2011,8/06/2012,2546,4320,1541,6427,2207,621,6,96,17662,
Perth,3,SSMM55288,53,Male,28/01/2011,2/06/2012,2468,251,0,0,0,0,2,68,2719,
Perth,11,SSMM55289,68,Male,29/01/2011,15/06/2012,3714,1095,2750,1230,294,0,5,165,9083,
Sydney,29,SSMM55290,67,Male,29/01/2011,31/05/2012,348,200,153,967,110,0,5,64,1778,
Melbourne,52,SSMM55291,66,Female,30/01/2011,10/07/2012,298,1293,4063,1296,560,1899,6,185,9409,
Perth,20,SSMM55292,60,Female,30/01/2011,29/06/2012,1190,433,310,2257,945,0,5,179,5135,
Brisbane,65,SSMM55293,59,Female,30/01/2011,25/06/2012,310,1029,781,295,69,1224,6,281,3708,
Sydney,35,SSMM55294,70,Male,30/01/2011,21/04/2012,50,1978,1560,91,3,169,6,180,3851,
Brisbane,83,SSMM55295,45,Female,31/01/2011,5/06/2012,467,1262,0,1080,430,0,4,77,3239,
Brisbane,65,SSMM55296,53,Male,31/01/2011,9/04/2012,1237,474,806,389,85,744,6,234,3735,
Melbourne,60,SSMM55297,63,Male,2/02/2011,21/05/2012,1852,3187,0,505,163,279,5,217,5986,
Brisbane,78,SSMM55298,24,Male,3/02/2011,17/06/2012,480,251,232,216,54,0,5,147,1233,
Melbourne,51,SSMM55299,74,Female,4/02/2011,7/08/2011,0,0,0,433,142,0,2,15,575,
Perth,15,SSMM55300,52,Female,5/02/2011,8/07/2012,653,248,59,1629,148,0,5,192,2737,
Melbourne,49,SSMM55301,41,Male,5/02/2011,29/06/2012,1142,1230,1199,725,284,496,6,200,5076,
Sydney,37,SSMM55302,46,Male,5/02/2011,15/06/2012,621,16014,5887,1604,38,0,5,174,24164,
Sydney,40,SSMM55303,43,Female,5/02/2011,2/03/2012,0,1604,1343,56,7,0,4,87,3010,
Melbourne,48,SSMM55304,77,Female,6/02/2011,9/06/2012,1120,1350,0,386,84,0,4,159,2940,
Sydney,31,SSMM55305,40,Male,6/02/2011,3/06/2012,863,2998,6597,555,76,0,5,80,11089,
Sydney,37,SSMM55306,75,Female,8/02/2011,5/07/2012,1821,1340,3215,1196,217,0,5,159,7789,
Perth,6,SSMM55307,59,Male,8/02/2011,2/07/2012,1004,3105,624,1708,105,370,6,248,6916,
Sydney,28,SSMM55308,58,Male,9/02/2011,27/06/2012,3557,3366,3783,1347,346,0,5,108,12399,
Sydney,27,SSMM55309,65,Male,9/02/2011,13/06/2012,2198,1325,4465,1268,451,433,6,200,10140,
Perth,16,SSMM55310,60,Female,11/02/2011,3/07/2012,662,2307,401,72,11,492,6,88,3945,
Brisbane,70,SSMM55311,72,Female,11/02/2011,21/06/2012,109,803,0,574,49,0,4,111,1535,
Brisbane,66,SSMM55312,55,Female,11/02/2011,24/04/2012,452,0,778,1042,341,0,4,169,2613,
Brisbane,79,SSMM55313,48,Female,12/02/2011,23/06/2012,480,3632,2546,1447,189,649,6,65,8943,
Melbourne,48,SSMM55314,59,Female,13/02/2011,10/07/2012,898,5991,1827,2367,672,43,6,183,11798,
Sydney,29,SSMM55315,38,Male,13/02/2011,6/07/2012,0,53,0,1975,725,0,3,43,2753,
Perth,20,SSMM55316,30,Female,13/02/2011,25/06/2012,558,232,0,496,117,0,4,125,1403,
Melbourne,50,SSMM55317,67,Female,13/02/2011,22/06/2012,1981,2807,5868,4019,1438,0,5,183,16113,
Melbourne,51,SSMM55318,53,Male,13/02/2011,1/06/2012,0,0,467,1142,554,0,3,143,2163,
Melbourne,50,SSMM55319,70,Female,13/02/2011,30/07/2011,1092,0,0,0,0,0,1,17,1092,
Brisbane,68,SSMM55320,38,Female,14/02/2011,18/06/2012,0,1334,562,540,98,0,4,92,2534,
Brisbane,64,SSMM55321,74,Female,14/02/2011,3/06/2012,0,992,467,128,10,0,4,171,1597,
Brisbane,75,SSMM55322,62,Male,15/02/2011,9/07/2012,0,0,1246,2201,902,0,3,107,4349,
Brisbane,83,SSMM55323,63,Male,15/02/2011,3/07/2012,3271,819,3648,750,335,4213,6,224,13036,
Brisbane,65,SSMM55324,75,Female,15/02/2011,30/06/2012,9561,1243,1058,3676,267,248,6,282,16053,
Perth,8,SSMM55325,66,Male,15/02/2011,20/06/2012,1563,370,0,75,2,0,4,163,2010,
Melbourne,55,SSMM55326,73,Male,16/02/2011,25/04/2012,819,238,0,326,87,0,4,178,1470,
Sydney,33,SSMM55327,50,Female,17/02/2011,19/06/2012,3359,3463,138,2289,770,1058,6,2,11077,
Perth,9,SSMM55328,65,Female,17/02/2011,28/05/2012,94,1340,0,1736,102,0,4,46,3272,
Brisbane,66,SSMM55329,71,Female,17/02/2011,11/04/2012,2427,1155,0,1635,781,901,5,23,6899,
Perth,11,SSMM55330,38,Female,19/02/2011,11/07/2012,122,4223,0,4465,372,43,5,138,9225,
Sydney,27,SSMM55331,55,Female,20/02/2011,5/07/2012,1789,2530,1500,1139,188,2807,6,238,9953,
Perth,12,SSMM55332,72,Female,20/02/2011,24/06/2012,0,1626,1591,1205,334,0,4,67,4756,
Brisbane,70,SSMM55333,45,Female,20/02/2011,21/05/2012,423,2662,467,178,49,122,6,13,3901,
Sydney,29,SSMM55334,70,Female,20/02/2011,10/04/2012,810,178,0,116,22,405,5,75,1531,
Brisbane,73,SSMM55335,51,Female,20/02/2011,26/03/2012,1667,1271,2493,304,62,185,6,7,5982,
Melbourne,52,SSMM55336,35,Female,21/02/2011,21/05/2012,838,1340,778,430,153,759,6,154,4298,
Melbourne,60,SSMM55337,55,Female,22/02/2011,11/07/2012,753,0,744,78,17,232,5,54,1824,
Perth,16,SSMM55338,69,Male,22/02/2011,30/06/2012,2961,8280,4022,2939,274,0,5,204,18476,
Melbourne,54,SSMM55339,47,Female,22/02/2011,27/06/2012,1516,3070,0,4936,2255,0,4,137,11777,
Sydney,25,SSMM55340,42,Female,22/02/2011,26/05/2012,50,2804,0,0,0,467,3,99,3321,
Brisbane,75,SSMM55341,72,Female,22/02/2011,12/04/2012,728,292,411,728,39,0,5,200,2198,
Sydney,34,SSMM55342,38,Male,23/02/2011,24/06/2012,832,59,0,0,0,0,2,66,891,
Melbourne,46,SSMM55343,61,Female,23/02/2011,19/06/2012,1180,499,153,3042,66,0,5,150,4940,
Perth,14,SSMM55344,45,Female,24/02/2011,18/04/2012,0,0,216,6308,652,0,3,139,7176,
Sydney,37,SSMM55345,72,Female,25/02/2011,12/07/2012,885,1789,1124,2687,536,0,5,28,7021,
Brisbane,78,SSMM55346,35,Female,25/02/2011,5/07/2012,690,1551,0,157,35,0,4,47,2433,
Brisbane,68,SSMM55347,59,Female,25/02/2011,16/06/2012,1727,2276,1186,0,0,527,4,133,5716,
Perth,2,SSMM55348,68,Female,27/02/2011,3/07/2012,3881,5567,10019,1287,45,2753,6,193,23552,
Perth,20,SSMM55349,54,Female,27/02/2011,28/06/2012,2122,1117,2860,511,226,1648,6,91,8484,
Sydney,36,SSMM55350,49,Male,27/02/2011,14/05/2012,1362,147,1343,1089,466,0,5,119,4407,
Perth,20,SSMM55351,51,Male,27/02/2011,15/04/2012,2574,141,1186,1124,521,1403,6,201,6949,
Perth,8,SSMM55352,78,Female,28/02/2011,14/06/2012,587,612,599,2945,986,91,6,118,5820,
Brisbane,76,SSMM55353,65,Female,28/02/2011,10/06/2012,649,0,935,204,10,2452,5,127,4250,
Perth,17,SSMM55354,48,Female,1/03/2011,22/06/2012,0,53,467,1416,239,0,4,111,2175,
Sydney,24,SSMM55355,43,Male,2/03/2011,25/06/2012,1836,781,562,75,17,0,5,154,3271,
Melbourne,55,SSMM55356,51,Female,6/03/2011,5/06/2012,185,1482,0,0,0,0,2,26,1667,
Melbourne,54,SSMM55357,45,Female,7/03/2011,27/06/2012,715,4323,948,2216,332,260,6,212,8794,
Sydney,31,SSMM55358,68,Female,7/03/2011,7/06/2012,427,2753,467,138,63,185,6,51,4033,
Brisbane,70,SSMM55359,43,Female,7/03/2011,1/06/2012,0,985,1566,1742,720,0,4,152,5013,
Melbourne,52,SSMM55360,60,Female,7/03/2011,7/05/2012,50,1884,1554,659,28,1083,6,17,5258,
Brisbane,67,SSMM55361,46,Male,8/03/2011,25/06/2012,3777,1485,593,2606,448,1403,6,47,10312,
Brisbane,80,SSMM55362,57,Male,8/03/2011,14/05/2012,0,502,1657,405,170,0,4,86,2734,
Brisbane,68,SSMM55363,63,Male,9/03/2011,26/06/2012,967,0,3177,580,193,1130,5,202,6047,
Sydney,25,SSMM55364,60,Female,9/03/2011,25/06/2012,266,1142,1058,778,351,1299,6,105,4894,
Perth,4,SSMM55365,67,Female,9/03/2011,24/06/2012,2358,1745,2659,806,356,0,5,126,7924,
Melbourne,44,SSMM55366,47,Female,10/03/2011,27/05/2012,0,1774,1026,122,24,169,5,205,3115,
Melbourne,43,SSMM55367,48,Male,11/03/2011,26/06/2012,411,295,1962,558,32,0,5,142,3258,
Sydney,24,SSMM55368,41,Female,11/03/2011,19/02/2012,91,1538,0,759,334,0,4,56,2722,
Melbourne,55,SSMM55369,66,Female,11/03/2011,21/01/2012,367,59,0,0,0,213,3,113,639,
Brisbane,73,SSMM55370,56,Female,13/03/2011,12/07/2012,2873,0,0,0,0,310,2,45,3183,
Perth,5,SSMM55371,55,Male,13/03/2011,21/06/2012,1039,876,0,175,49,386,5,178,2525,
Sydney,28,SSMM55372,53,Male,13/03/2011,17/06/2012,357,2973,781,860,153,91,6,137,5215,
Perth,13,SSMM55373,71,Male,15/03/2011,12/07/2012,2480,882,1965,1946,280,0,5,102,7553,
Perth,4,SSMM55374,49,Female,15/03/2011,25/06/2012,2213,2138,405,888,397,357,6,255,6398,
Brisbane,65,SSMM55375,65,Female,15/03/2011,19/06/2012,2125,1023,398,310,74,3463,6,25,7393,
Melbourne,52,SSMM55376,53,Female,15/03/2011,17/06/2012,1620,781,747,310,58,3149,6,112,6665,
Brisbane,81,SSMM55377,77,Female,15/03/2011,14/05/2012,2000,401,1215,728,294,0,5,45,4638,
Perth,11,SSMM55378,51,Male,15/03/2011,16/03/2012,841,172,1089,1023,110,0,5,105,3235,
Perth,1,SSMM55379,51,Female,16/03/2011,24/06/2012,1048,7617,1526,2003,573,373,6,121,13140,
Brisbane,72,SSMM55380,46,Female,17/03/2011,7/06/2012,957,1051,618,1171,540,715,6,68,5052,
Sydney,34,SSMM55381,25,Female,17/03/2011,1/06/2012,0,1676,153,0,0,0,2,34,1829,
Perth,1,SSMM55382,50,Female,17/03/2011,27/05/2012,0,314,0,797,308,0,3,84,1419,
Perth,8,SSMM55383,58,Female,17/03/2011,11/04/2012,4370,0,1560,565,29,2822,5,49,9346,
Melbourne,59,SSMM55384,25,Male,19/03/2011,13/07/2012,1142,1855,0,427,203,0,4,184,3627,
Sydney,39,SSMM55385,45,Female,19/03/2011,17/03/2012,624,0,370,288,5,0,4,44,1287,
Perth,7,SSMM55386,49,Male,20/03/2011,15/06/2012,436,1770,4468,2185,992,216,6,45,10067,
Melbourne,44,SSMM55387,48,Male,21/03/2011,5/07/2012,0,816,1588,2289,517,0,4,111,5210,
Sydney,24,SSMM55388,72,Female,21/03/2011,28/02/2012,0,0,0,1064,471,0,2,18,1535,
Melbourne,61,SSMM55389,38,Male,23/03/2011,8/07/2012,2455,2355,248,2345,274,0,5,190,7677,
Sydney,24,SSMM55390,52,Female,23/03/2011,25/06/2012,1007,960,2088,951,282,307,6,37,5595,
Sydney,23,SSMM55391,71,Female,24/03/2011,2/06/2012,53,430,0,0,0,0,2,16,483,
Sydney,24,SSMM55392,45,Male,24/03/2011,24/05/2012,0,0,2348,979,126,75,4,2,3528,
Sydney,25,SSMM55393,35,Female,24/03/2011,21/04/2012,182,976,1403,838,382,1164,6,286,4945,
Sydney,40,SSMM55394,60,Female,25/03/2011,28/06/2012,370,982,1469,109,51,1478,6,215,4459,
Sydney,38,SSMM55395,58,Female,26/03/2011,28/06/2012,2665,536,901,0,0,370,4,81,4472,
Melbourne,57,SSMM55396,49,Male,27/03/2011,9/07/2012,1168,279,348,781,224,59,6,53,2859,
Sydney,31,SSMM55397,70,Female,27/03/2011,13/02/2012,0,2599,0,314,72,0,3,87,2985,
Melbourne,46,SSMM55398,35,Female,29/03/2011,11/07/2012,4069,1020,216,590,271,0,5,204,6166,
Perth,18,SSMM55399,69,Female,29/03/2011,15/04/2012,621,781,0,157,14,0,4,94,1573,
Melbourne,60,SSMM55400,60,Female,30/03/2011,8/07/2012,6342,2009,719,408,48,1934,6,287,11460,
Perth,3,SSMM55401,32,Female,31/03/2011,7/07/2012,295,1752,499,1849,103,0,5,27,4498,
Melbourne,47,SSMM55402,42,Female,31/03/2011,27/06/2012,0,376,0,932,459,153,4,170,1920,
Perth,6,SSMM55403,72,Female,1/04/2011,3/07/2012,1943,2565,932,502,37,0,5,155,5979,
Sydney,25,SSMM55404,65,Male,1/04/2011,22/04/2012,367,722,153,153,24,197,6,265,1616,
Sydney,31,SSMM55405,73,Male,2/04/2011,24/06/2012,1117,248,3074,1632,553,175,6,37,6799,
Brisbane,73,SSMM55406,44,Female,2/04/2011,21/06/2012,1902,3557,1274,8132,462,0,5,179,15327,
Sydney,40,SSMM55407,75,Male,3/04/2011,24/06/2012,2081,2420,0,0,0,0,2,22,4501,
Melbourne,48,SSMM55408,57,Female,3/04/2011,1/06/2012,1909,3146,558,0,0,279,4,146,5892,
Brisbane,74,SSMM55409,28,Female,3/04/2011,25/05/2012,339,606,276,1190,64,279,6,148,2754,
Melbourne,50,SSMM55410,32,Female,4/04/2011,15/06/2012,838,2455,1591,420,125,153,6,263,5582,
Melbourne,46,SSMM55411,58,Female,4/04/2011,21/05/2012,0,5089,781,1142,427,775,5,219,8214,
Brisbane,72,SSMM55412,51,Female,5/04/2011,10/07/2012,464,2562,2464,342,141,631,6,227,6604,
Brisbane,65,SSMM55413,44,Female,5/04/2011,28/06/2012,4427,5479,339,364,157,0,5,118,10766,
Brisbane,76,SSMM55414,72,Male,7/04/2011,2/07/2012,1080,4895,3432,4995,1213,963,6,104,16578,
Sydney,30,SSMM55415,69,Male,7/04/2011,27/06/2012,5369,2424,725,769,336,1403,6,297,11026,
Sydney,37,SSMM55416,37,Female,7/04/2011,31/05/2012,0,5739,1249,599,178,0,4,34,7765,
Perth,14,SSMM55417,43,Female,7/04/2011,17/05/2012,0,75,1695,719,49,75,5,126,2613,
Melbourne,54,SSMM55418,32,Male,7/04/2011,28/04/2012,276,357,3281,794,32,0,5,238,4740,
Brisbane,67,SSMM55419,58,Male,7/04/2011,13/04/2012,496,65,480,445,19,0,5,239,1505,
Sydney,31,SSMM55420,35,Female,8/04/2011,13/07/2012,0,662,715,584,154,0,4,139,2115,
Melbourne,59,SSMM55421,70,Male,8/04/2011,5/07/2012,50,282,838,2273,311,1701,6,206,5455,
Brisbane,73,SSMM55422,42,Male,8/04/2011,25/06/2012,0,6751,1061,1274,324,0,4,171,9410,
Brisbane,78,SSMM55423,45,Female,8/04/2011,8/05/2012,222,1661,4791,791,249,0,5,250,7714,
Brisbane,75,SSMM55424,32,Male,8/04/2011,26/03/2012,0,675,0,725,100,1105,4,149,2605,
Brisbane,82,SSMM55425,70,Male,8/04/2011,8/03/2012,2807,0,279,0,0,0,2,54,3086,
Sydney,34,SSMM55426,63,Male,9/04/2011,13/07/2012,876,960,624,2722,591,0,5,25,5773,
Perth,1,SSMM55427,65,Female,9/04/2011,19/05/2012,351,270,0,122,10,1180,5,187,1933,
Brisbane,83,SSMM55428,38,Male,9/04/2011,30/03/2012,0,624,1089,153,13,0,4,41,1879,
Brisbane,84,SSMM55429,54,Male,9/04/2011,25/03/2012,106,1083,37,797,342,0,5,205,2365,
Brisbane,64,SSMM55430,33,Male,9/04/2011,2/09/2011,0,0,153,0,0,0,1,21,153,
Perth,15,SSMM55431,33,Female,10/04/2011,18/06/2012,1526,56,0,810,243,0,4,110,2635,
Melbourne,52,SSMM55432,49,Female,10/04/2011,4/06/2012,2389,2147,2502,907,446,1359,6,138,9750,
Brisbane,74,SSMM55433,45,Male,10/04/2011,24/04/2012,0,166,216,0,0,1877,3,27,2259,
Melbourne,50,SSMM55434,56,Female,11/04/2011,21/04/2012,56,916,938,113,51,1428,6,107,3502,
Brisbane,66,SSMM55435,23,Male,11/04/2011,8/04/2012,0,0,1281,2725,1224,185,4,99,5415,
Perth,1,SSMM55436,62,Male,12/04/2011,11/07/2012,3768,3428,420,857,66,945,6,60,9484,
Sydney,36,SSMM55437,47,Female,12/04/2011,24/06/2012,150,1350,370,288,6,0,5,219,2164,
Sydney,25,SSMM55438,35,Male,14/04/2011,14/06/2012,0,11090,8452,693,66,0,4,155,20301,
Brisbane,67,SSMM55439,40,Male,14/04/2011,10/06/2012,53,514,1092,734,296,0,5,176,2689,
Melbourne,45,SSMM55440,34,Female,14/04/2011,3/06/2012,100,759,838,1061,38,938,6,54,3734,
Sydney,36,SSMM55441,53,Female,15/04/2011,25/06/2012,1934,775,467,536,62,0,5,218,3774,
Perth,2,SSMM55442,56,Female,16/04/2011,2/07/2012,248,527,624,929,233,0,5,225,2561,
Perth,2,SSMM55443,52,Female,16/04/2011,12/04/2012,345,530,0,1023,484,0,4,195,2382,
Perth,8,SSMM55444,57,Female,17/04/2011,12/07/2012,1277,467,2320,1409,238,3001,6,49,8712,
Perth,9,SSMM55445,28,Male,17/04/2011,24/06/2012,279,1723,0,0,0,122,3,91,2124,
Melbourne,46,SSMM55446,47,Female,17/04/2011,22/10/2011,332,0,621,62,9,0,4,193,1024,
Brisbane,72,SSMM55447,63,Female,18/04/2011,29/06/2012,50,963,0,1092,270,3218,5,219,5593,
Melbourne,60,SSMM55448,60,Male,21/04/2011,12/07/2012,4876,3579,1199,8857,2566,0,5,95,21077,
Melbourne,52,SSMM55449,46,Male,22/04/2011,9/07/2012,59,2188,1978,4942,1815,0,5,92,10982,
Brisbane,66,SSMM55450,43,Male,9/05/2011,3/07/2012,2841,2756,1083,317,107,0,5,27,7104,
Perth,7,SSMM55451,57,Male,12/05/2011,25/06/2012,1968,169,248,901,36,499,6,18,3821,
Sydney,36,SSMM55452,60,Male,16/05/2011,7/07/2012,113,2976,1591,4612,1744,0,5,249,11036,
Sydney,26,SSMM55453,51,Female,16/05/2011,6/07/2012,1720,3256,0,1557,652,0,4,105,7185,
Sydney,34,SSMM55454,60,Female,16/05/2011,28/06/2012,671,2282,778,5686,1108,1460,6,173,11985,
Sydney,42,SSMM55455,66,Male,17/05/2011,6/07/2012,2182,2973,467,4389,2086,0,5,43,12097,
Brisbane,64,SSMM55456,74,Female,18/05/2011,25/06/2012,2000,1591,1968,1406,399,383,6,223,7747,
Sydney,40,SSMM55457,37,Male,19/05/2011,12/07/2012,467,1604,1186,6741,791,0,5,150,10789,
Brisbane,71,SSMM55458,66,Female,19/05/2011,19/06/2012,1362,4226,1500,5102,2249,405,6,246,14844,
Melbourne,58,SSMM55459,44,Male,19/05/2011,5/06/2012,621,1212,389,0,0,0,3,19,2222,
Sydney,34,SSMM55460,64,Female,20/05/2011,24/06/2012,1284,1601,0,216,101,0,4,183,3202,
Melbourne,57,SSMM55461,52,Male,20/05/2011,8/06/2012,0,339,1406,1359,483,1092,5,54,4679,
Perth,11,SSMM55462,69,Female,21/05/2011,8/07/2012,5532,2367,2866,11680,1253,4151,6,245,27849,
Sydney,33,SSMM55463,49,Female,21/05/2011,5/06/2012,3573,0,185,1478,15,138,5,84,5389,
Sydney,27,SSMM55464,57,Female,22/05/2011,21/06/2012,0,0,405,1290,183,445,4,159,2323,
Sydney,36,SSMM55465,57,Female,23/05/2011,6/07/2012,6057,367,2546,376,61,100,6,92,9507,
Melbourne,61,SSMM55466,73,Female,24/05/2011,5/04/2012,514,722,307,891,209,712,6,268,3355,
Perth,11,SSMM55467,71,Male,26/05/2011,17/06/2012,1434,2150,1965,891,296,0,5,27,6736,
Brisbane,79,SSMM55468,40,Female,26/05/2011,25/04/2012,160,3017,0,0,0,0,2,6,3177,
Sydney,37,SSMM55469,72,Female,26/05/2011,17/04/2012,904,0,1343,1058,412,0,4,141,3717,
Melbourne,51,SSMM55470,68,Female,28/05/2011,26/05/2012,1391,0,1152,0,0,1262,3,119,3805,
Melbourne,61,SSMM55471,39,Female,29/05/2011,20/04/2012,0,838,2662,1635,456,590,5,202,6181,
Brisbane,67,SSMM55472,74,Male,2/06/2011,29/06/2012,2144,3240,0,580,223,0,4,119,6187,
Melbourne,60,SSMM55473,74,Female,6/06/2011,24/06/2012,0,0,1591,2964,626,1563,4,95,6744,
Perth,8,SSMM55474,51,Female,8/06/2011,27/06/2012,1497,1139,6446,2345,719,0,5,32,12146,
Brisbane,65,SSMM55475,66,Female,8/06/2011,15/04/2012,279,744,310,562,51,1645,6,174,3591,
Perth,16,SSMM55476,53,Male,9/06/2011,8/07/2012,2753,4791,1343,8616,3231,310,6,50,21044,
Melbourne,58,SSMM55477,76,Male,9/06/2011,1/06/2012,3337,244,0,3567,608,0,4,152,7756,
Melbourne,61,SSMM55478,70,Male,9/06/2011,17/05/2012,1720,662,43,144,62,248,6,119,2879,
Perth,12,SSMM55479,32,Female,10/06/2011,30/06/2012,1557,1893,747,3871,1641,558,6,294,10267,
Perth,8,SSMM55480,74,Male,14/06/2011,12/07/2012,923,1029,4157,1086,470,0,5,5,7665,
Melbourne,56,SSMM55481,27,Female,18/06/2011,28/06/2012,248,979,467,514,225,0,5,51,2433,
Sydney,24,SSMM55482,68,Male,18/06/2011,16/06/2012,1070,1212,562,204,24,957,6,288,4029,
Brisbane,71,SSMM55483,64,Male,18/06/2011,3/06/2012,2555,2025,1560,609,243,0,5,141,6992,
Melbourne,50,SSMM55484,75,Female,19/06/2011,2/07/2012,3717,1858,3369,3183,1585,681,6,267,14393,
Sydney,23,SSMM55485,70,Female,19/06/2011,1/07/2012,2182,524,0,1428,63,0,4,167,4197,
Sydney,28,SSMM55486,71,Female,20/06/2011,8/07/2012,370,1733,0,304,9,0,4,95,2416,
Melbourne,55,SSMM55487,66,Female,20/06/2011,5/07/2012,0,0,0,4706,393,945,3,8,6044,
Sydney,32,SSMM55488,46,Female,20/06/2011,28/06/2012,712,2072,185,3504,1377,819,6,14,8669,
Sydney,26,SSMM55489,71,Male,20/06/2011,20/10/2011,288,0,0,0,0,310,2,83,598,
Perth,14,SSMM55490,48,Male,21/06/2011,15/04/2012,913,590,1993,1921,933,0,5,235,6350,
Perth,2,SSMM55491,45,Female,23/06/2011,15/06/2012,0,2612,1183,147,55,1042,5,184,5039,
Melbourne,48,SSMM55492,68,Male,24/06/2011,16/06/2012,0,511,263,1598,417,0,4,196,2789,
Perth,13,SSMM55493,67,Female,27/06/2011,12/07/2012,7589,7470,1802,3275,916,781,6,215,21833,
Melbourne,46,SSMM55494,55,Female,30/06/2011,1/07/2012,1570,2838,6239,4662,1146,850,6,149,17305,
Sydney,29,SSMM55495,43,Male,30/06/2011,22/06/2012,191,1595,562,113,28,0,5,52,2489,
Sydney,41,SSMM55496,65,Male,1/07/2011,1/07/2012,2631,5871,0,2555,1072,624,5,219,12753,
Melbourne,50,SSMM55497,69,Female,2/07/2011,3/07/2012,1717,3617,712,0,0,0,3,98,6046,
Melbourne,49,SSMM55498,46,Female,5/07/2011,2/07/2012,0,2700,5253,1391,165,0,4,185,9509,
Brisbane,74,SSMM55499,61,Female,6/07/2011,2/07/2012,0,6044,2066,2863,824,0,4,126,11797,
Brisbane,78,SSMM55500,36,Female,11/07/2011,4/07/2012,0,1632,3130,78,11,339,5,32,5190,
Melbourne,59,SSMM55501,48,Female,12/07/2011,1/07/2012,216,1466,2031,1438,646,0,5,129,5797,
Melbourne,54,SSMM55502,80,Male,12/07/2011,29/05/2012,467,248,5655,1419,453,624,6,65,8866,
Perth,12,SSMM55503,49,Female,14/07/2011,5/06/2012,59,1645,678,2311,1143,0,5,106,5836,
Sydney,40,SSMM55504,69,Female,16/07/2011,15/06/2012,1039,427,0,1070,216,0,4,23,2752,
Melbourne,58,SSMM55505,59,Female,17/07/2011,22/06/2012,624,2417,467,797,201,684,6,141,5190,
Perth,12,SSMM55506,70,Female,17/07/2011,9/06/2012,467,1306,3372,514,123,0,5,249,5782,
Melbourne,60,SSMM55507,56,Male,18/07/2011,23/06/2012,0,367,3764,279,5,0,4,75,4415,
Perth,6,SSMM55508,65,Female,19/07/2011,8/07/2012,0,2499,1306,1990,809,3344,5,73,9948,
Melbourne,45,SSMM55509,72,Female,19/07/2011,27/04/2012,615,775,436,0,0,533,4,55,2359,
