PROD DATE,APINUMBR,WELLSTATUS,REGION,WELLTYPE,COMPLETION DATE,API GRAVITY,OILPROD,DAYS ON,GASPROD,WATRPROD,DISTRICT,FIELD
2006/01/01 00:00:00,3026532,A,Gladsone,OG,12/21/2004,22.9,196,31,72,61,4,A
2007/01/01 00:00:00,3026532,A,Gladsone,OG,12/21/2004,22.9,30,31,10,176,4,A
2007/01/01 00:00:00,3026533,I,Gladsone,OG,12/21/2004,,0,0,0,0,4,A
2006/02/01 00:00:00,3026532,A,Gladsone,OG,12/21/2004,22.9,212,28,82,62,4,A
2007/02/01 00:00:00,3026532,A,Gladsone,OG,12/21/2004,22.9,33,28,9,174,4,A
2007/02/01 00:00:00,3026533,I,Gladsone,OG,12/21/2004,,0,0,0,0,4,A
2006/03/01 00:00:00,3026532,A,Gladsone,OG,12/21/2004,22.9,227,31,83,63,4,A
2007/03/01 00:00:00,3026532,A,Gladsone,OG,12/21/2004,22.9,36,31,9,157,4,A
2007/03/01 00:00:00,3026533,I,Gladsone,OG,12/21/2004,,0,0,0,0,4,A
2006/04/01 00:00:00,3026532,A,Gladsone,OG,12/21/2004,22.9,205,30,75,58,4,A
2007/04/01 00:00:00,3026532,A,Gladsone,OG,12/21/2004,22.9,30,30,7,139,4,A
2007/04/01 00:00:00,3026533,I,Gladsone,OG,12/21/2004,,0,0,0,0,4,A
2005/05/01 00:00:00,3026532,A,Gladsone,OG,12/21/2004,16,74,31,0,34,4,A
2006/05/01 00:00:00,3026532,A,Gladsone,OG,12/21/2004,16.6,31,31,0,33,4,A
2007/05/01 00:00:00,3026532,A,Gladsone,OG,12/21/2004,,0,0,0,0,4,A
2007/05/01 00:00:00,3026533,I,Gladsone,OG,12/21/2004,22.9,939,31,203,21,4,A
2005/06/01 00:00:00,3026532,A,Gladsone,OG,12/21/2004,16,70,30,0,33,4,A
2006/06/01 00:00:00,3026532,A,Gladsone,OG,12/21/2004,16.6,29,30,0,32,4,A
2007/06/01 00:00:00,3026532,A,Gladsone,OG,12/21/2004,,0,0,0,0,4,A
2007/06/01 00:00:00,3026533,I,Gladsone,OG,12/21/2004,22.9,818,28,109,19,4,A
2005/07/01 00:00:00,3026532,A,Gladsone,OG,12/21/2004,22.9,328,26,36,166,4,A
2006/07/01 00:00:00,3026532,A,Gladsone,OG,12/21/2004,22.9,108,31,46,78,4,A
2007/07/01 00:00:00,3026532,A,Gladsone,OG,12/21/2004,22.9,118,31,5,349,4,A
2007/07/01 00:00:00,3026533,I,Gladsone,OG,12/21/2004,,0,0,0,0,4,A
2005/08/01 00:00:00,3026532,A,Gladsone,OG,12/21/2004,22.9,340,31,0,64,4,A
2006/08/01 00:00:00,3026532,A,Gladsone,OG,12/21/2004,22.9,58,31,25,109,4,A
2007/08/01 00:00:00,3026532,A,Gladsone,OG,12/21/2004,22.9,35,31,10,204,4,A
2007/08/01 00:00:00,3026533,I,Gladsone,OG,12/21/2004,,0,0,0,0,4,A
2005/09/01 00:00:00,3026532,A,Gladsone,OG,12/21/2004,22.9,266,30,92,61,4,A
2006/09/01 00:00:00,3026532,A,Gladsone,OG,12/21/2004,23.7,38,30,15,136,4,A
2007/09/01 00:00:00,3026532,A,Gladsone,OG,12/21/2004,22.9,35,30,4,198,4,A
2007/09/01 00:00:00,3026533,I,Gladsone,OG,12/21/2004,,0,0,0,0,4,A
2005/10/01 00:00:00,3026532,A,Gladsone,OG,12/21/2004,22.9,264,31,88,60,4,A
2006/10/01 00:00:00,3026532,A,Gladsone,OG,12/21/2004,22.9,37,31,15,133,4,A
2007/10/01 00:00:00,3026532,A,Gladsone,OG,12/21/2004,22.9,35,31,5,179,4,A
2007/10/01 00:00:00,3026533,I,Gladsone,OG,12/21/2004,,0,0,0,0,4,A
2005/11/01 00:00:00,3026532,A,Gladsone,OG,12/21/2004,22.9,240,30,84,66,4,A
2006/11/01 00:00:00,3026532,A,Gladsone,OG,12/21/2004,22.9,34,30,14,131,4,A
2007/11/01 00:00:00,3026532,A,Gladsone,OG,12/21/2004,22.9,36,30,5,186,4,A
2007/11/01 00:00:00,3026533,I,Gladsone,OG,12/21/2004,,0,0,0,0,4,A
2005/12/01 00:00:00,3026532,A,Gladsone,OG,12/21/2004,22.9,211,31,81,74,4,A
2006/12/01 00:00:00,3026532,A,Gladsone,OG,12/21/2004,22.9,34,31,14,133,4,A
2007/12/01 00:00:00,3026532,A,Gladsone,OG,12/21/2004,22.9,36,31,5,189,4,A
2007/12/01 00:00:00,3026533,I,Gladsone,OG,12/21/2004,,0,0,0,0,4,A
2005/01/01 00:00:00,2932854,I,Gladsone,WS,12/20/2002,13,0,0,0,0,4,B
2006/01/01 00:00:00,2932854,I,Gladsone,WS,12/20/2002,,0,0,0,0,4,B
2005/02/01 00:00:00,2932854,I,Gladsone,WS,12/20/2002,,0,0,0,0,4,B
2006/02/01 00:00:00,2932854,I,Gladsone,WS,12/20/2002,13,0,0,0,0,4,B
2005/03/01 00:00:00,2932854,I,Gladsone,WS,12/20/2002,,0,0,0,0,4,B
2006/03/01 00:00:00,2932854,I,Gladsone,WS,12/20/2002,,0,0,0,0,4,B
2005/04/01 00:00:00,2932854,I,Gladsone,WS,12/20/2002,,0,0,0,0,4,B
2006/04/01 00:00:00,2932854,I,Gladsone,WS,12/20/2002,,0,0,0,0,4,B
2005/05/01 00:00:00,2932854,I,Gladsone,WS,12/20/2002,13,30,30,0,60,4,B
2006/05/01 00:00:00,2932854,I,Gladsone,WS,12/20/2002,13,30,31,0,30,4,B
2005/06/01 00:00:00,2932854,I,Gladsone,WS,12/20/2002,13,0,0,0,0,4,B
2006/06/01 00:00:00,2932854,I,Gladsone,WS,12/20/2002,13,30,30,0,30,4,B
2005/07/01 00:00:00,2932854,I,Gladsone,WS,12/20/2002,,0,0,0,0,4,B
2006/07/01 00:00:00,2932854,I,Gladsone,WS,12/20/2002,,0,0,0,0,4,B
2005/08/01 00:00:00,2932854,I,Gladsone,WS,12/20/2002,,0,0,0,0,4,B
2006/08/01 00:00:00,2932854,I,Gladsone,WS,12/20/2002,,0,0,0,0,4,B
2005/09/01 00:00:00,2932854,I,Gladsone,WS,12/20/2002,,0,0,0,0,4,B
2006/09/01 00:00:00,2932854,I,Gladsone,WS,12/20/2002,,0,0,0,0,4,B
2005/10/01 00:00:00,2932854,I,Gladsone,WS,12/20/2002,,0,0,0,0,4,B
2006/10/01 00:00:00,2932854,I,Gladsone,WS,12/20/2002,,0,0,0,0,4,B
2005/11/01 00:00:00,2932854,I,Gladsone,WS,12/20/2002,,0,0,0,0,4,B
2006/11/01 00:00:00,2932854,I,Gladsone,WS,12/20/2002,,0,0,0,0,4,B
2005/12/01 00:00:00,2932854,I,Gladsone,WS,12/20/2002,,0,0,0,0,4,B
2006/12/01 00:00:00,2932854,I,Gladsone,WS,12/20/2002,,0,0,0,0,4,B
2005/01/01 00:00:00,3026425,A,Gladsone,OG,12/09/2004,14.5,4,4,0,748,4,C
2006/01/01 00:00:00,3026425,A,Gladsone,OG,12/09/2004,14.5,594,30,0,12270,4,C
2005/02/01 00:00:00,3026425,A,Gladsone,OG,12/09/2004,14.5,211,27,0,7911,4,C
2006/02/01 00:00:00,3026425,A,Gladsone,OG,12/09/2004,14.5,707,25,0,9650,4,C
2005/03/01 00:00:00,3026425,A,Gladsone,OG,12/09/2004,14.5,261,31,0,8928,4,C
2006/03/01 00:00:00,3026425,A,Gladsone,OG,12/09/2004,14.5,350,31,0,7533,4,C
2005/04/01 00:00:00,3026425,A,Gladsone,OG,12/09/2004,14.5,237,29,0,8352,4,C
2006/04/01 00:00:00,3026425,A,Gladsone,OG,12/09/2004,14.5,439,30,0,8100,4,C
2005/05/01 00:00:00,3026425,A,Gladsone,OG,12/09/2004,13.5,49,31,0,2920,4,C
2006/05/01 00:00:00,3026425,A,Gladsone,OG,12/09/2004,14.5,284,31,0,12152,4,C
2005/06/01 00:00:00,3026425,A,Gladsone,OG,12/09/2004,13.5,48,30,0,2896,4,C
2006/06/01 00:00:00,3026425,A,Gladsone,OG,12/09/2004,14.5,561,30,0,24120,4,C
2005/07/01 00:00:00,3026425,A,Gladsone,OG,12/09/2004,14.5,418,31,0,14632,4,C
2006/07/01 00:00:00,3026425,A,Gladsone,OG,12/09/2004,14.5,354,31,0,8587,4,C
2005/08/01 00:00:00,3026425,A,Gladsone,OG,12/09/2004,14.5,441,31,0,14632,4,C
2006/08/01 00:00:00,3026425,A,Gladsone,OG,12/09/2004,14.5,477,30,0,11550,4,C
2005/09/01 00:00:00,3026425,A,Gladsone,OG,12/09/2004,14.5,1340,30,0,12360,4,C
2006/09/01 00:00:00,3026425,A,Gladsone,OG,12/09/2004,14.5,328,30,0,10770,4,C
2005/10/01 00:00:00,3026425,A,Gladsone,OG,12/09/2004,14.5,1267,31,0,12834,4,C
2006/10/01 00:00:00,3026425,A,Gladsone,OG,12/09/2004,14.5,427,31,0,16554,4,C
2005/11/01 00:00:00,3026425,A,Gladsone,OG,12/09/2004,14.5,1178,30,0,11970,4,C
2006/11/01 00:00:00,3026425,A,Gladsone,OG,12/09/2004,14.5,382,30,0,13320,4,C
2005/12/01 00:00:00,3026425,A,Gladsone,OG,12/09/2004,14.5,686,31,0,12710,4,C
2006/12/01 00:00:00,3026425,A,Gladsone,OG,12/09/2004,14.5,323,31,0,13888,4,C
2005/01/01 00:00:00,3026381,A,Gladsone,OG,12/02/2004,14.5,5,6,0,636,4,C
2006/01/01 00:00:00,3026381,A,Gladsone,OG,12/02/2004,14.5,438,30,0,7650,4,C
2005/02/01 00:00:00,3026381,A,Gladsone,OG,12/02/2004,14.5,7,3,0,612,4,C
2006/02/01 00:00:00,3026381,A,Gladsone,OG,12/02/2004,14.5,340,25,0,5900,4,C
2005/03/01 00:00:00,3026381,A,Gladsone,OG,12/02/2004,14.5,130,31,0,6479,4,C
2006/03/01 00:00:00,3026381,A,Gladsone,OG,12/02/2004,14.5,235,26,0,9126,4,C
2005/04/01 00:00:00,3026381,A,Gladsone,OG,12/02/2004,14.5,118,29,0,6061,4,C
2006/04/01 00:00:00,3026381,A,Gladsone,OG,12/02/2004,14.5,327,29,0,12035,4,C
2005/05/01 00:00:00,3026381,A,Gladsone,OG,12/02/2004,14.5,215,31,0,4588,4,C
2005/06/01 00:00:00,3026381,A,Gladsone,OG,12/02/2004,14.5,184,27,0,4644,4,C
2006/06/01 00:00:00,3026381,A,Gladsone,OG,12/02/2004,13,69,30,0,202,4,C
2005/07/01 00:00:00,3026381,A,Gladsone,OG,12/02/2004,14.5,404,30,0,11460,4,C
2006/07/01 00:00:00,3026381,A,Gladsone,OG,12/02/2004,14.5,516,28,0,20664,4,C
2005/08/01 00:00:00,3026381,A,Gladsone,OG,12/02/2004,14.5,305,31,0,10912,4,C
2006/08/01 00:00:00,3026381,A,Gladsone,OG,12/02/2004,14.5,505,30,0,22020,4,C
2005/09/01 00:00:00,3026381,A,Gladsone,OG,12/02/2004,14.5,274,30,0,9930,4,C
2006/09/01 00:00:00,3026381,A,Gladsone,OG,12/02/2004,14.5,557,30,0,29100,4,C
2005/10/01 00:00:00,3026381,A,Gladsone,OG,12/02/2004,14.5,173,31,0,9734,4,C
2006/10/01 00:00:00,3026381,A,Gladsone,OG,12/02/2004,14.5,649,30,0,22590,4,C
2005/11/01 00:00:00,3026381,A,Gladsone,OG,12/02/2004,14.5,478,30,0,9210,4,C
2006/11/01 00:00:00,3026381,A,Gladsone,OG,12/02/2004,14.5,600,30,0,22230,4,C
2005/12/01 00:00:00,3026381,A,Gladsone,OG,12/02/2004,14.5,328,31,0,8401,4,C
2006/12/01 00:00:00,3026381,A,Gladsone,OG,12/02/2004,14.5,565,31,0,23343,4,C
2005/01/01 00:00:00,3002007,A,Gladsone,OG,12/01/1993,20,155,31,10,341,4,D
2006/01/01 00:00:00,3002007,A,Surat,OG,12/01/1993,20,206,31,25,434,4,D
2005/02/01 00:00:00,3002007,A,Surat,OG,12/01/1993,20,133,28,18,392,4,D
2006/02/01 00:00:00,3002007,A,Surat,OG,12/01/1993,20,168,28,23,392,4,D
2005/03/01 00:00:00,3002007,A,Surat,OG,12/01/1993,20,164,24,30,336,4,D
2006/03/01 00:00:00,3002007,A,Surat,OG,12/01/1993,20,202,31,25,434,4,D
2005/04/01 00:00:00,3002007,A,Surat,OG,12/01/1993,20,166,30,33,420,4,D
2006/04/01 00:00:00,3002007,A,Surat,OG,12/01/1993,20,176,30,26,420,4,D
2006/05/01 00:00:00,3002007,A,Surat,OG,12/01/1993,15.5,3758,31,0,775,4,D
2006/06/01 00:00:00,3002007,A,Surat,OG,12/01/1993,15.5,3207,30,0,840,4,D
2005/07/01 00:00:00,3002007,A,Surat,OG,12/01/1993,20,138,31,24,434,4,D
2006/07/01 00:00:00,3002007,A,Surat,OG,12/01/1993,20,163,31,26,434,4,D
2005/08/01 00:00:00,3002007,A,Surat,OG,12/01/1993,20,296,31,75,434,4,D
2006/08/01 00:00:00,3002007,A,Surat,OG,12/01/1993,20,167,24,29,336,4,D
2005/09/01 00:00:00,3002007,A,Surat,OG,12/01/1993,20,164,30,14,480,4,D
2006/09/01 00:00:00,3002007,A,Surat,OG,12/01/1993,20,182,30,36,360,4,D
2005/10/01 00:00:00,3002007,A,Surat,OG,12/01/1993,20,196,31,19,496,4,D
2006/10/01 00:00:00,3002007,A,Surat,OG,12/01/1993,20,154,31,38,372,4,D
2005/11/01 00:00:00,3002007,A,Surat,OG,12/01/1993,20,209,30,27,420,4,D
2006/11/01 00:00:00,3002007,A,Surat,OG,12/01/1993,20,182,30,36,360,4,D
2005/12/01 00:00:00,3002007,A,Surat,OG,12/01/1993,20,223,31,33,434,4,D
2006/12/01 00:00:00,3002007,A,Surat,OG,12/01/1993,20,180,31,38,372,4,D
2005/01/01 00:00:00,3000877,A,Surat,OG,12/01/1992,13.7,0,0,0,0,4,C
2006/01/01 00:00:00,3000877,A,Surat,OG,12/01/1992,13.7,27,30,0,510,4,C
2005/02/01 00:00:00,3000877,A,Surat,OG,12/01/1992,13.7,28,6,0,1272,4,C
2006/02/01 00:00:00,3000877,A,Surat,OG,12/01/1992,13.7,30,25,0,450,4,C
2005/03/01 00:00:00,3000877,A,Surat,OG,12/01/1992,13.7,141,31,0,6014,4,C
2006/03/01 00:00:00,3000877,A,Surat,OG,12/01/1992,13.7,30,31,0,558,4,C
2005/04/01 00:00:00,3000877,A,Surat,OG,12/01/1992,13.7,124,30,0,5820,4,C
2006/04/01 00:00:00,3000877,A,Surat,OG,12/01/1992,13.7,24,30,0,480,4,C
2005/05/01 00:00:00,3000877,A,Surat,OG,12/01/1992,14.5,123,31,0,6479,4,C
2006/05/01 00:00:00,3000877,A,Surat,OG,12/01/1992,14.5,0,0,0,0,4,C
2005/06/01 00:00:00,3000877,A,Surat,OG,12/01/1992,14.5,204,30,0,9960,4,C
2006/06/01 00:00:00,3000877,A,Surat,OG,12/01/1992,14.5,0,0,0,0,4,C
2005/07/01 00:00:00,3000877,A,Surat,OG,12/01/1992,13.7,57,31,0,2790,4,C
2006/07/01 00:00:00,3000877,A,Surat,OG,12/01/1992,13.7,0,0,0,0,4,C
2005/08/01 00:00:00,3000877,A,Surat,OG,12/01/1992,13.7,19,30,0,960,4,C
2006/08/01 00:00:00,3000877,A,Surat,OG,12/01/1992,13.7,0,0,0,0,4,C
2005/09/01 00:00:00,3000877,A,Surat,OG,12/01/1992,13.7,17,30,0,960,4,C
2006/09/01 00:00:00,3000877,A,Surat,OG,12/01/1992,13.7,0,0,0,0,4,C
2005/10/01 00:00:00,3000877,A,Surat,OG,12/01/1992,13.7,24,31,0,775,4,C
2006/10/01 00:00:00,3000877,A,Surat,OG,12/01/1992,13.7,0,0,0,0,4,C
2005/11/01 00:00:00,3000877,A,Surat,OG,12/01/1992,13.7,28,30,0,750,4,C
2006/11/01 00:00:00,3000877,A,Surat,OG,12/01/1992,13.7,0,0,0,0,4,C
2005/12/01 00:00:00,3000877,A,Surat,OG,12/01/1992,13.7,12,31,0,403,4,C
2006/12/01 00:00:00,3000877,A,Surat,OG,12/01/1992,13.7,0,0,0,0,4,C
2005/01/01 00:00:00,2989793,A,Surat,OG,12/01/1991,30,331,31,160,2675,4,D
2005/01/01 00:00:00,2989794,A,Surat,OG,12/01/1991,30,313,31,151,3667,4,D
2005/01/01 00:00:00,2989791,I,Surat,OG,12/01/1991,30,0,0,0,0,4,D
2005/01/01 00:00:00,2989792,A,Surat,OG,12/01/1991,30,0,0,0,0,4,D
2006/01/01 00:00:00,2989793,A,Surat,OG,12/01/1991,29.5,268,31,143,2381,4,D
2006/01/01 00:00:00,2989794,A,Surat,OG,12/01/1991,29.5,252,31,134,3569,4,D
2006/01/01 00:00:00,2989791,I,Surat,OG,12/01/1991,29.5,0,0,0,0,4,D
2006/01/01 00:00:00,2989792,A,Surat,OG,12/01/1991,29.5,0,0,0,0,4,D
2007/01/01 00:00:00,2989793,A,Surat,OG,12/01/1991,30,226,31,141,1586,4,D
2007/01/01 00:00:00,2989794,A,Surat,OG,12/01/1991,30,226,31,141,3000,4,D
2007/01/01 00:00:00,2989791,I,Surat,OG,12/01/1991,30,0,0,0,0,4,D
2007/01/01 00:00:00,2989792,A,Surat,OG,12/01/1991,30,0,0,0,0,4,D
2005/02/01 00:00:00,2989793,A,Surat,OG,12/01/1991,29.5,287,28,153,2414,4,D
2005/02/01 00:00:00,2989794,A,Surat,OG,12/01/1991,29.5,280,28,149,3264,4,D
2005/02/01 00:00:00,2989791,I,Surat,OG,12/01/1991,29.5,0,0,0,0,4,D
2005/02/01 00:00:00,2989792,A,Surat,OG,12/01/1991,29.5,0,0,0,0,4,D
2006/02/01 00:00:00,2989793,A,Surat,OG,12/01/1991,30,243,28,129,1971,4,D
2006/02/01 00:00:00,2989794,A,Surat,OG,12/01/1991,30,222,28,118,3427,4,D
2006/02/01 00:00:00,2989791,I,Surat,OG,12/01/1991,30,0,0,0,0,4,D
2006/02/01 00:00:00,2989792,A,Surat,OG,12/01/1991,30,0,0,0,0,4,D
2007/02/01 00:00:00,2989793,A,Surat,OG,12/01/1991,29.8,204,28,136,1556,4,D
2007/02/01 00:00:00,2989794,A,Surat,OG,12/01/1991,29.8,181,28,121,2783,4,D
2007/02/01 00:00:00,2989791,I,Surat,OG,12/01/1991,29.8,0,0,0,0,4,D
2007/02/01 00:00:00,2989792,A,Surat,OG,12/01/1991,29.8,0,0,0,0,4,D
2005/03/01 00:00:00,2989793,A,Surat,OG,12/01/1991,29.6,328,31,177,2443,4,D
2005/03/01 00:00:00,2989794,A,Surat,OG,12/01/1991,29.6,285,31,154,3601,4,D
2005/03/01 00:00:00,2989791,I,Surat,OG,12/01/1991,29.6,0,0,0,0,4,D
2005/03/01 00:00:00,2989792,A,Surat,OG,12/01/1991,29.6,0,0,0,0,4,D
2006/03/01 00:00:00,2989793,A,Surat,OG,12/01/1991,30.1,229,31,102,2206,4,D
2006/03/01 00:00:00,2989794,A,Surat,OG,12/01/1991,30.1,263,31,117,3605,4,D
2006/03/01 00:00:00,2989791,I,Surat,OG,12/01/1991,30.1,0,0,0,0,4,D
2006/03/01 00:00:00,2989792,A,Surat,OG,12/01/1991,30.1,0,0,0,0,4,D
2007/03/01 00:00:00,2989793,A,Surat,OG,12/01/1991,29,219,31,138,1728,4,D
2007/03/01 00:00:00,2989794,A,Surat,OG,12/01/1991,29,211,31,133,2930,4,D
2007/03/01 00:00:00,2989791,I,Surat,OG,12/01/1991,29,0,0,0,0,4,D
2007/03/01 00:00:00,2989792,A,Surat,OG,12/01/1991,29,0,0,0,0,4,D
2005/04/01 00:00:00,2989793,A,Surat,OG,12/01/1991,29.2,296,30,159,2669,4,D
2005/04/01 00:00:00,2989794,A,Surat,OG,12/01/1991,29.2,270,30,146,3449,4,D
2005/04/01 00:00:00,2989791,I,Surat,OG,12/01/1991,29.2,0,0,0,0,4,D
2005/04/01 00:00:00,2989792,A,Surat,OG,12/01/1991,29.2,0,0,0,0,4,D
2006/04/01 00:00:00,2989793,A,Surat,OG,12/01/1991,30.8,214,30,104,2091,4,D
2006/04/01 00:00:00,2989794,A,Surat,OG,12/01/1991,30.8,229,30,112,3266,4,D
2006/04/01 00:00:00,2989791,I,Surat,OG,12/01/1991,30.8,0,0,0,0,4,D
2006/04/01 00:00:00,2989792,A,Surat,OG,12/01/1991,30.8,0,0,0,0,4,D
2007/04/01 00:00:00,2989793,A,Surat,OG,12/01/1991,29.5,202,30,126,1718,4,D
2007/04/01 00:00:00,2989794,A,Surat,OG,12/01/1991,29.5,202,30,126,3057,4,D
2007/04/01 00:00:00,2989791,I,Surat,OG,12/01/1991,29.5,0,0,0,0,4,D
2007/04/01 00:00:00,2989792,A,Surat,OG,12/01/1991,29.5,0,0,0,0,4,D
2005/05/01 00:00:00,2989793,A,Surat,OG,12/01/1991,30.1,0,0,0,0,4,D
2005/05/01 00:00:00,2989794,A,Surat,OG,12/01/1991,30.1,0,0,0,0,4,D
2005/05/01 00:00:00,2989791,I,Surat,OG,12/01/1991,30.1,343,31,195,2862,4,D
2005/05/01 00:00:00,2989792,A,Surat,OG,12/01/1991,30.1,228,31,129,3500,4,D
2006/05/01 00:00:00,2989793,A,Surat,OG,12/01/1991,30.2,0,0,0,0,4,D
2006/05/01 00:00:00,2989794,A,Surat,OG,12/01/1991,30.2,0,0,0,0,4,D
2006/05/01 00:00:00,2989791,I,Surat,OG,12/01/1991,30.2,327,31,176,2797,4,D
2006/05/01 00:00:00,2989792,A,Surat,OG,12/01/1991,30.2,192,31,103,3821,4,D
2007/05/01 00:00:00,2989793,A,Surat,OG,12/01/1991,30.7,0,0,0,0,4,D
2007/05/01 00:00:00,2989794,A,Surat,OG,12/01/1991,30.7,0,0,0,0,4,D
2007/05/01 00:00:00,2989791,I,Surat,OG,12/01/1991,30.7,299,31,188,2606,4,D
2007/05/01 00:00:00,2989792,A,Surat,OG,12/01/1991,30.7,886,31,557,7760,4,D
2005/06/01 00:00:00,2989793,A,Surat,OG,12/01/1991,29.8,0,0,0,0,4,D
2005/06/01 00:00:00,2989794,A,Surat,OG,12/01/1991,29.8,0,0,0,0,4,D
2005/06/01 00:00:00,2989791,I,Surat,OG,12/01/1991,29.8,319,30,188,2725,4,D
2005/06/01 00:00:00,2989792,A,Surat,OG,12/01/1991,29.8,214,30,126,3080,4,D
2006/06/01 00:00:00,2989793,A,Surat,OG,12/01/1991,29.9,0,0,0,0,4,D
2006/06/01 00:00:00,2989794,A,Surat,OG,12/01/1991,29.9,0,0,0,0,4,D
2006/06/01 00:00:00,2989791,I,Surat,OG,12/01/1991,29.9,307,30,177,2678,4,D
2006/06/01 00:00:00,2989792,A,Surat,OG,12/01/1991,29.9,168,28,97,3464,4,D
2007/06/01 00:00:00,2989793,A,Surat,OG,12/01/1991,29.1,0,0,0,0,4,D
2007/06/01 00:00:00,2989794,A,Surat,OG,12/01/1991,29.1,0,0,0,0,4,D
2007/06/01 00:00:00,2989791,I,Surat,OG,12/01/1991,29.1,279,30,168,2499,4,D
2007/06/01 00:00:00,2989792,A,Surat,OG,12/01/1991,29.1,841,30,507,7468,4,D
2005/07/01 00:00:00,2989793,A,Surat,OG,12/01/1991,30.5,268,31,155,2002,4,D
2005/07/01 00:00:00,2989794,A,Surat,OG,12/01/1991,30.5,274,31,158,3615,4,D
2005/07/01 00:00:00,2989791,I,Surat,OG,12/01/1991,30.5,0,0,0,0,4,D
2005/07/01 00:00:00,2989792,A,Surat,OG,12/01/1991,30.5,0,0,0,0,4,D
2006/07/01 00:00:00,2989793,A,Surat,OG,12/01/1991,30.3,250,31,136,2314,4,D
2006/07/01 00:00:00,2989794,A,Surat,OG,12/01/1991,30.3,233,31,126,2991,4,D
2006/07/01 00:00:00,2989791,I,Surat,OG,12/01/1991,30.3,0,0,0,0,4,D
2006/07/01 00:00:00,2989792,A,Surat,OG,12/01/1991,30.3,120,31,65,6102,4,D
2007/07/01 00:00:00,2989793,A,Surat,OG,12/01/1991,29.9,178,31,106,2033,4,D
2007/07/01 00:00:00,2989794,A,Surat,OG,12/01/1991,29.9,226,31,135,3423,4,D
2007/07/01 00:00:00,2989791,I,Surat,OG,12/01/1991,29.9,0,0,0,0,4,D
2007/07/01 00:00:00,2989792,A,Surat,OG,12/01/1991,29.9,136,31,81,6408,4,D
2005/08/01 00:00:00,2989793,A,Surat,OG,12/01/1991,29.5,239,31,142,1901,4,D
2005/08/01 00:00:00,2989794,A,Surat,OG,12/01/1991,29.5,264,31,157,3613,4,D
2005/08/01 00:00:00,2989791,I,Surat,OG,12/01/1991,29.5,0,0,0,0,4,D
2005/08/01 00:00:00,2989792,A,Surat,OG,12/01/1991,29.5,0,0,0,0,4,D
2006/08/01 00:00:00,2989793,A,Mackay,OG,12/01/1991,29.8,227,31,131,1941,4,D
2006/08/01 00:00:00,2989794,A,Mackay,OG,12/01/1991,29.8,230,31,134,3000,4,D
2006/08/01 00:00:00,2989791,I,Mackay,OG,12/01/1991,29.8,0,0,0,0,4,D
2006/08/01 00:00:00,2989792,A,Mackay,OG,12/01/1991,29.8,89,31,52,5226,4,D
2007/08/01 00:00:00,2989793,A,Mackay,OG,12/01/1991,30.5,242,31,140,1764,4,D
2007/08/01 00:00:00,2989794,A,Mackay,OG,12/01/1991,30.5,226,30,131,3448,4,D
2007/08/01 00:00:00,2989791,I,Mackay,OG,12/01/1991,30.5,0,0,0,0,4,D
2007/08/01 00:00:00,2989792,A,Mackay,OG,12/01/1991,30.5,130,31,75,6212,4,D
2005/09/01 00:00:00,2989793,A,Mackay,OG,12/01/1991,31.5,238,30,132,1944,4,D
2005/09/01 00:00:00,2989794,A,Mackay,OG,12/01/1991,31.5,304,30,169,3544,4,D
2005/09/01 00:00:00,2989791,I,Mackay,OG,12/01/1991,31.5,0,0,0,0,4,D
2005/09/01 00:00:00,2989792,A,Mackay,OG,12/01/1991,31.5,0,0,0,0,4,D
2006/09/01 00:00:00,2989793,A,Mackay,OG,12/01/1991,29.5,203,30,122,1662,4,D
2006/09/01 00:00:00,2989794,A,Mackay,OG,12/01/1991,29.5,232,30,140,2802,4,D
2006/09/01 00:00:00,2989791,I,Mackay,OG,12/01/1991,29.5,0,0,0,0,4,D
2006/09/01 00:00:00,2989792,A,Mackay,OG,12/01/1991,29.5,46,19,28,3506,4,D
2007/09/01 00:00:00,2989793,A,Mackay,OG,12/01/1991,30.1,357,30,210,1230,4,D
2007/09/01 00:00:00,2989794,A,Mackay,OG,12/01/1991,30.1,224,29,132,3506,4,D
2007/09/01 00:00:00,2989791,I,Mackay,OG,12/01/1991,30.1,0,0,0,0,4,D
2007/09/01 00:00:00,2989792,A,Mackay,OG,12/01/1991,30.1,57,30,34,4208,4,D
2005/10/01 00:00:00,2989793,A,Mackay,OG,12/01/1991,30.8,212,25,118,1447,4,D
2005/10/01 00:00:00,2989794,A,Mackay,OG,12/01/1991,30.8,261,31,145,3584,4,D
2005/10/01 00:00:00,2989791,I,Mackay,OG,12/01/1991,30.8,0,0,0,0,4,D
2005/10/01 00:00:00,2989792,A,Mackay,OG,12/01/1991,30.8,0,0,0,0,4,D
2006/10/01 00:00:00,2989793,A,Mackay,OG,12/01/1991,29.3,216,31,116,1735,4,D
2006/10/01 00:00:00,2989794,A,Mackay,OG,12/01/1991,29.3,239,31,128,2788,4,D
2006/10/01 00:00:00,2989791,I,Mackay,OG,12/01/1991,29.3,0,0,0,0,4,D
2006/10/01 00:00:00,2989792,A,Mackay,OG,12/01/1991,29.3,88,22,47,6514,4,D
2007/10/01 00:00:00,2989793,A,Mackay,OG,12/01/1991,29.6,114,25,68,709,4,D
2007/10/01 00:00:00,2989794,A,Mackay,OG,12/01/1991,29.6,199,29,119,2519,4,D
2007/10/01 00:00:00,2989791,I,Mackay,OG,12/01/1991,29.6,0,0,0,0,4,D
2007/10/01 00:00:00,2989792,A,Mackay,OG,12/01/1991,29.6,124,26,74,4633,4,D
2005/11/01 00:00:00,2989793,A,Mackay,OG,12/01/1991,28.9,316,29,136,2578,4,D
2005/11/01 00:00:00,2989794,A,Mackay,OG,12/01/1991,28.9,237,30,102,3664,4,D
2005/11/01 00:00:00,2989791,I,Mackay,OG,12/01/1991,28.9,0,0,0,0,4,D
2005/11/01 00:00:00,2989792,A,Mackay,OG,12/01/1991,28.9,0,0,0,0,4,D
2006/11/01 00:00:00,2989793,A,Mackay,OG,12/01/1991,29.3,177,30,100,1420,4,D
2006/11/01 00:00:00,2989794,A,Mackay,OG,12/01/1991,29.3,202,29,115,2496,4,D
2006/11/01 00:00:00,2989791,I,Mackay,OG,12/01/1991,29.3,0,0,0,0,4,D
2006/11/01 00:00:00,2989792,A,Mackay,OG,12/01/1991,29.3,0,0,0,0,4,D
2007/11/01 00:00:00,2989793,A,Mackay,OG,12/01/1991,29.3,0,0,0,0,4,D
2007/11/01 00:00:00,2989794,A,Mackay,OG,12/01/1991,29.3,0,0,0,0,4,D
2007/11/01 00:00:00,2989791,I,Mackay,OG,12/01/1991,29.3,0,0,0,0,4,D
2007/11/01 00:00:00,2989792,A,Mackay,OG,12/01/1991,29.3,142,30,76,6330,4,D
2005/12/01 00:00:00,2989793,A,Mackay,OG,12/01/1991,29.4,274,31,143,2584,4,D
2005/12/01 00:00:00,2989794,A,Mackay,OG,12/01/1991,29.4,233,31,122,3503,4,D
2005/12/01 00:00:00,2989791,I,Mackay,OG,12/01/1991,29.4,0,0,0,0,4,D
2005/12/01 00:00:00,2989792,A,Mackay,OG,12/01/1991,29.4,0,0,0,0,4,D
2006/12/01 00:00:00,2989793,A,Mackay,OG,12/01/1991,29.3,224,31,136,1723,4,D
2006/12/01 00:00:00,2989794,A,Mackay,OG,12/01/1991,29.3,236,31,143,2666,4,D
2006/12/01 00:00:00,2989791,I,Mackay,OG,12/01/1991,29.3,0,0,0,0,4,D
2006/12/01 00:00:00,2989792,A,Mackay,OG,12/01/1991,29.3,0,0,0,0,4,D
2007/12/01 00:00:00,2989793,A,Mackay,OG,12/01/1991,29.6,120,31,71,747,4,D
2007/12/01 00:00:00,2989794,A,Mackay,OG,12/01/1991,29.6,208,31,125,2654,4,D
2007/12/01 00:00:00,2989791,I,Mackay,OG,12/01/1991,29.6,0,0,0,0,4,D
2007/12/01 00:00:00,2989792,A,Mackay,OG,12/01/1991,29.6,130,31,77,4882,4,D
2005/01/01 00:00:00,2988119,A,Mackay,OG,12/01/1990,13.5,235,31,0,13516,4,A
2006/01/01 00:00:00,2988119,A,Mackay,OG,12/01/1990,13.5,129,25,0,8725,4,A
2005/02/01 00:00:00,2988119,A,Mackay,OG,12/01/1990,13.5,238,28,0,11928,4,A
2006/02/01 00:00:00,2988119,A,Mackay,OG,12/01/1990,13.5,164,28,0,9772,4,A
2005/03/01 00:00:00,2988119,A,Mackay,OG,12/01/1990,13.5,46,11,0,4598,4,A
2006/03/01 00:00:00,2988119,A,Mackay,OG,12/01/1990,13.5,123,30,0,5880,4,A
2005/04/01 00:00:00,2988119,A,Mackay,OG,12/01/1990,13.5,118,28,0,11704,4,A
2006/04/01 00:00:00,2988119,A,Mackay,OG,12/01/1990,13.5,158,29,0,10005,4,A
2005/05/01 00:00:00,2988119,A,Mackay,OG,12/01/1990,13.5,0,0,0,0,4,A
2006/05/01 00:00:00,2988119,A,Mackay,OG,12/01/1990,13.5,0,0,0,0,4,A
2005/06/01 00:00:00,2988119,A,Mackay,OG,12/01/1990,13.5,4,8,0,560,4,A
2006/06/01 00:00:00,2988119,A,Mackay,OG,12/01/1990,13.5,0,0,0,0,4,A
2005/07/01 00:00:00,2988119,A,Mackay,OG,12/01/1990,13.5,104,30,0,3780,4,A
2006/07/01 00:00:00,2988119,A,Mackay,OG,12/01/1990,13.5,175,31,0,10695,4,A
2005/08/01 00:00:00,2988119,A,Mackay,OG,12/01/1990,13.5,200,31,0,4526,4,A
2006/08/01 00:00:00,2988119,A,Mackay,OG,12/01/1990,13.5,229,31,0,2728,4,A
2005/09/01 00:00:00,2988119,A,Mackay,OG,12/01/1990,13.5,66,30,0,3480,4,A
2006/09/01 00:00:00,2988119,A,Mackay,OG,12/01/1990,13.5,52,30,0,1190,4,A
2005/10/01 00:00:00,2988119,A,Mackay,OG,12/01/1990,13.5,82,31,0,2077,4,A
2006/10/01 00:00:00,2988119,A,Mackay,OG,12/01/1990,13.5,19,28,0,448,4,A
2005/11/01 00:00:00,2988119,A,Mackay,OG,12/01/1990,13.5,3,1,0,67,4,A
2006/11/01 00:00:00,2988119,A,Mackay,OG,12/01/1990,13.5,20,30,0,600,4,A
2005/12/01 00:00:00,2988119,A,Mackay,OG,12/01/1990,13.5,51,17,0,1751,4,A
2006/12/01 00:00:00,2988119,A,Mackay,OG,12/01/1990,13.5,19,31,0,620,4,A
2005/01/01 00:00:00,2983653,I,Mackay,OG,12/01/1988,,0,0,0,0,4,E
2006/01/01 00:00:00,2983653,I,Mackay,OG,12/01/1988,,0,0,0,0,4,E
2007/01/01 00:00:00,2983653,I,Mackay,OG,12/01/1988,,0,0,0,0,4,E
2005/02/01 00:00:00,2983653,I,Mackay,OG,12/01/1988,,0,0,0,0,4,E
2006/02/01 00:00:00,2983653,I,Mackay,OG,12/01/1988,,0,0,0,0,4,E
2007/02/01 00:00:00,2983653,I,Mackay,OG,12/01/1988,,0,0,0,0,4,E
2005/03/01 00:00:00,2983653,I,Mackay,OG,12/01/1988,,0,0,0,0,4,E
2006/03/01 00:00:00,2983653,I,Mackay,OG,12/01/1988,,0,0,0,0,4,E
2007/03/01 00:00:00,2983653,I,Mackay,OG,12/01/1988,,0,0,0,0,4,E
2005/04/01 00:00:00,2983653,I,Mackay,OG,12/01/1988,,0,0,0,0,4,E
2006/04/01 00:00:00,2983653,I,Mackay,OG,12/01/1988,,0,0,0,0,4,E
2007/04/01 00:00:00,2983653,I,Mackay,OG,12/01/1988,,0,0,0,0,4,E
2005/05/01 00:00:00,2983653,I,Mackay,OG,12/01/1988,14.6,89,30,0,11029,4,E
2006/05/01 00:00:00,2983653,I,Mackay,OG,12/01/1988,14.8,120,31,0,11562,4,E
2005/06/01 00:00:00,2983653,I,Mackay,OG,12/01/1988,14.2,110,30,0,11865,4,E
2006/06/01 00:00:00,2983653,I,Mackay,OG,12/01/1988,14.5,99,30,0,10189,4,E
2007/06/01 00:00:00,2983653,I,Mackay,OG,12/01/1988,14.6,237,30,0,11225,4,E
2005/07/01 00:00:00,2983653,I,Mackay,OG,12/01/1988,,0,0,0,0,4,E
2006/07/01 00:00:00,2983653,I,Mackay,OG,12/01/1988,,0,0,0,0,4,E
2007/07/01 00:00:00,2983653,I,Mackay,OG,12/01/1988,,0,0,0,0,4,E
2005/08/01 00:00:00,2983653,I,Mackay,OG,12/01/1988,,0,0,0,0,4,E
2006/08/01 00:00:00,2983653,I,Mackay,OG,12/01/1988,,0,0,0,0,4,E
2007/08/01 00:00:00,2983653,I,Mackay,OG,12/01/1988,,0,0,0,0,4,E
2005/09/01 00:00:00,2983653,I,Mackay,OG,12/01/1988,,0,0,0,0,4,E
2006/09/01 00:00:00,2983653,I,Mackay,OG,12/01/1988,,0,0,0,0,4,E
2007/09/01 00:00:00,2983653,I,Mackay,OG,12/01/1988,,0,0,0,0,4,E
2005/10/01 00:00:00,2983653,I,Mackay,OG,12/01/1988,,0,0,0,0,4,E
2006/10/01 00:00:00,2983653,I,Mackay,OG,12/01/1988,,0,0,0,0,4,E
2007/10/01 00:00:00,2983653,I,Mackay,OG,12/01/1988,,0,0,0,0,4,E
2005/11/01 00:00:00,2983653,I,Mackay,OG,12/01/1988,,0,0,0,0,4,E
2006/11/01 00:00:00,2983653,I,Mackay,OG,12/01/1988,,0,0,0,0,4,E
2007/11/01 00:00:00,2983653,I,Mackay,OG,12/01/1988,,0,0,0,0,4,E
2005/12/01 00:00:00,2983653,I,Mackay,OG,12/01/1988,,0,0,0,0,4,E
2006/12/01 00:00:00,2983653,I,Mackay,OG,12/01/1988,,0,0,0,0,4,E
2007/12/01 00:00:00,2983653,I,Mackay,OG,12/01/1988,,0,0,0,0,4,E
2005/01/01 00:00:00,2981802,A,Mackay,OG,12/01/1987,26,7,31,0,80,4,F
2006/01/01 00:00:00,2981802,A,Mackay,OG,12/01/1987,26,9,18,0,100,4,F
2007/01/01 00:00:00,2981802,A,Mackay,OG,12/01/1987,27,8,4,0,820,4,F
2005/02/01 00:00:00,2981802,A,Mackay,OG,12/01/1987,26,10,28,0,90,4,F
2006/02/01 00:00:00,2981802,A,Mackay,OG,12/01/1987,26,3,15,0,110,4,F
2007/02/01 00:00:00,2981802,A,Mackay,OG,12/01/1987,27,3,4,0,700,4,F
2005/03/01 00:00:00,2981802,A,Mackay,OG,12/01/1987,26,10,20,0,85,4,F
2006/03/01 00:00:00,2981802,A,Mackay,OG,12/01/1987,26,5,10,0,100,4,F
2007/03/01 00:00:00,2981802,A,Mackay,OG,12/01/1987,27,2,5,0,800,4,F
2005/04/01 00:00:00,2981802,A,Mackay,OG,12/01/1987,26,11,30,0,65,4,F
2006/04/01 00:00:00,2981802,A,Mackay,OG,12/01/1987,27,15,2,0,100,4,F
2007/04/01 00:00:00,2981802,A,Mackay,OG,12/01/1987,27,13,5,0,810,4,F
2005/05/01 00:00:00,2981802,A,Mackay,OG,12/01/1987,,0,0,0,0,4,F
2006/05/01 00:00:00,2981802,A,Mackay,OG,12/01/1987,,0,0,0,0,4,F
2007/05/01 00:00:00,2981802,A,Mackay,OG,12/01/1987,,0,0,0,0,4,F
2005/06/01 00:00:00,2981802,A,Mackay,OG,12/01/1987,,0,0,0,0,4,F
2006/06/01 00:00:00,2981802,A,Mackay,OG,12/01/1987,,0,0,0,0,4,F
2007/06/01 00:00:00,2981802,A,Mackay,OG,12/01/1987,,0,0,0,0,4,F
2005/07/01 00:00:00,2981802,A,Mackay,OG,12/01/1987,26,10,31,0,60,4,F
2006/07/01 00:00:00,2981802,A,Mackay,OG,12/01/1987,27,30,7,0,220,4,F
2007/07/01 00:00:00,2981802,A,Mackay,OG,12/01/1987,27,9,4,0,780,4,F
2005/08/01 00:00:00,2981802,A,Mackay,OG,12/01/1987,26,6,31,0,60,4,F
2006/08/01 00:00:00,2981802,A,Mackay,OG,12/01/1987,27,30,4,0,220,4,F
2007/08/01 00:00:00,2981802,A,Mackay,OG,12/01/1987,27,8,4,0,770,4,F
2005/09/01 00:00:00,2981802,A,Mackay,OG,12/01/1987,26,15,30,0,75,4,F
2006/09/01 00:00:00,2981802,A,Mackay,OG,12/01/1987,27,25,5,0,820,4,F
2007/09/01 00:00:00,2981802,A,Mackay,OG,12/01/1987,27,5,5,0,760,4,F
2005/10/01 00:00:00,2981802,A,Mackay,OG,12/01/1987,26,15,31,0,80,4,F
2006/10/01 00:00:00,2981802,A,Mackay,OG,12/01/1987,27,20,4,0,800,4,F
2007/10/01 00:00:00,2981802,A,Mackay,OG,12/01/1987,27,11,5,0,770,4,F
2005/11/01 00:00:00,2981802,A,Mackay,OG,12/01/1987,26,15,30,0,87,4,F
2006/11/01 00:00:00,2981802,A,Mackay,OG,12/01/1987,27,17,4,0,800,4,F
2007/11/01 00:00:00,2981802,A,Mackay,OG,12/01/1987,27,11,30,0,800,4,F
2005/12/01 00:00:00,2981802,A,Mackay,OG,12/01/1987,26,19,31,0,100,4,F
2006/12/01 00:00:00,2981802,A,Mackay,OG,12/01/1987,27,20,4,0,780,4,F
2007/12/01 00:00:00,2981802,A,Mackay,OG,12/01/1987,27,11,31,0,811,4,F
2005/01/01 00:00:00,2973973,A,Mackay,OG,12/01/1984,,0,0,0,0,4,F
2005/01/01 00:00:00,2973974,A,Mackay,OG,12/01/1984,24.6,35,14,30,570,4,F
2005/01/01 00:00:00,2974045,A,Mackay,OG,12/01/1984,27,65,31,0,110,4,F
2006/01/01 00:00:00,2973973,A,Mackay,OG,12/01/1984,,0,0,0,0,4,F
2006/01/01 00:00:00,2973974,A,Mackay,OG,12/01/1984,23.5,69,29,33,1123,4,F
2006/01/01 00:00:00,2974045,A,Mackay,OG,12/01/1984,27,35,31,0,190,4,F
2007/01/01 00:00:00,2973973,A,Mackay,OG,12/01/1984,,0,0,0,0,4,F
2007/01/01 00:00:00,2973974,A,Mackay,OG,12/01/1984,22.7,75,31,37,1215,4,F
2007/01/01 00:00:00,2974045,A,Mackay,OG,12/01/1984,27,50,31,0,250,4,F
2005/02/01 00:00:00,2973973,A,Mackay,OG,12/01/1984,,0,0,0,0,4,F
2005/02/01 00:00:00,2973974,A,Mackay,OG,12/01/1984,24.2,57,28,30,929,4,F
2005/02/01 00:00:00,2974045,A,Mackay,OG,12/01/1984,27,55,28,0,110,4,F
2006/02/01 00:00:00,2973973,A,Mackay,OG,12/01/1984,,0,0,0,0,4,F
2006/02/01 00:00:00,2973974,A,Mackay,OG,12/01/1984,22.4,45,20,3,735,4,F
2006/02/01 00:00:00,2974045,A,Mackay,OG,12/01/1984,27,30,28,0,100,4,F
2007/02/01 00:00:00,2973973,A,Mackay,OG,12/01/1984,,0,0,0,0,4,F
2007/02/01 00:00:00,2973974,A,Mackay,OG,12/01/1984,23,62,28,34,1014,4,F
2007/02/01 00:00:00,2974045,A,Mackay,OG,12/01/1984,27,25,28,0,300,4,F
2005/03/01 00:00:00,2973973,A,Mackay,OG,12/01/1984,,0,0,0,0,4,F
2005/03/01 00:00:00,2973974,A,Mackay,OG,12/01/1984,25.1,68,31,30,1109,4,F
2005/03/01 00:00:00,2974045,A,Mackay,OG,12/01/1984,27,55,31,0,100,4,F
2006/03/01 00:00:00,2973973,A,Mackay,OG,12/01/1984,,0,0,0,0,4,F
2006/03/01 00:00:00,2973974,A,Mackay,OG,12/01/1984,23.4,75,31,37,1213,4,F
2006/03/01 00:00:00,2974045,A,Mackay,OG,12/01/1984,27,35,31,0,110,4,F
2007/03/01 00:00:00,2973973,A,Mackay,OG,12/01/1984,,0,0,0,0,4,F
2007/03/01 00:00:00,2973974,A,Mackay,OG,12/01/1984,23,70,30,36,1140,4,F
2007/03/01 00:00:00,2974045,A,Mackay,OG,12/01/1984,27,20,29,0,320,4,F
2005/04/01 00:00:00,2973973,A,Mackay,OG,12/01/1984,,0,0,0,0,4,F
2005/04/01 00:00:00,2973974,A,Mackay,OG,12/01/1984,23.5,71,30,30,1158,4,F
2005/04/01 00:00:00,2974045,A,Mackay,OG,12/01/1984,27,49,30,0,310,4,F
2006/04/01 00:00:00,2973973,A,Newcastle,OG,12/01/1984,,0,0,0,0,4,F
2006/04/01 00:00:00,2973974,A,Newcastle,OG,12/01/1984,23.3,68,30,36,1099,4,F
2006/04/01 00:00:00,2974045,A,Newcastle,OG,12/01/1984,27,35,30,0,100,4,F
2007/04/01 00:00:00,2973973,A,Newcastle,OG,12/01/1984,,0,0,0,0,4,F
2007/04/01 00:00:00,2973974,A,Newcastle,OG,12/01/1984,25,70,30,36,1132,4,F
2007/04/01 00:00:00,2974045,A,Newcastle,OG,12/01/1984,27,30,30,0,340,4,F
2005/05/01 00:00:00,2973973,A,Newcastle,OG,12/01/1984,23.6,52,22,36,854,4,F
2005/05/01 00:00:00,2973974,A,Newcastle,OG,12/01/1984,23.6,139,31,36,17,4,F
2005/05/01 00:00:00,2974045,A,Newcastle,OG,12/01/1984,,0,0,0,0,4,F
2006/05/01 00:00:00,2973973,A,Newcastle,OG,12/01/1984,23.8,66,31,37,1075,4,F
2006/05/01 00:00:00,2973974,A,Newcastle,OG,12/01/1984,23.8,124,31,37,15,4,F
2006/05/01 00:00:00,2974045,A,Newcastle,OG,12/01/1984,,0,0,0,0,4,F
2007/05/01 00:00:00,2973973,A,Newcastle,OG,12/01/1984,23.4,69,31,37,1121,4,F
2007/05/01 00:00:00,2973974,A,Newcastle,OG,12/01/1984,23.4,129,31,37,16,4,F
2007/05/01 00:00:00,2974045,A,Newcastle,OG,12/01/1984,,0,0,0,0,4,F
2005/06/01 00:00:00,2973973,A,Newcastle,OG,12/01/1984,22.9,62,28,37,1005,4,F
2005/06/01 00:00:00,2973974,A,Newcastle,OG,12/01/1984,22.9,120,29,37,15,4,F
2005/06/01 00:00:00,2974045,A,Newcastle,OG,12/01/1984,,0,0,0,0,4,F
2006/06/01 00:00:00,2973973,A,Newcastle,OG,12/01/1984,22.5,66,30,36,1064,4,F
2006/06/01 00:00:00,2973974,A,Newcastle,OG,12/01/1984,22.5,123,30,36,15,4,F
2006/06/01 00:00:00,2974045,A,Newcastle,OG,12/01/1984,,0,0,0,0,4,F
2007/06/01 00:00:00,2973973,A,Newcastle,OG,12/01/1984,23,67,30,36,1096,4,F
2007/06/01 00:00:00,2973974,A,Newcastle,OG,12/01/1984,23,126,30,36,16,4,F
2007/06/01 00:00:00,2974045,A,Newcastle,OG,12/01/1984,,0,0,0,0,4,F
2005/07/01 00:00:00,2973973,A,Newcastle,OG,12/01/1984,,0,0,0,0,4,F
2005/07/01 00:00:00,2973974,A,Newcastle,OG,12/01/1984,23,67,31,37,1090,4,F
2005/07/01 00:00:00,2974045,A,Newcastle,OG,12/01/1984,27,50,31,0,290,4,F
2006/07/01 00:00:00,2973973,A,Newcastle,OG,12/01/1984,,0,0,0,0,4,F
2006/07/01 00:00:00,2973974,A,Newcastle,OG,12/01/1984,22.6,71,31,37,1148,4,F
2006/07/01 00:00:00,2974045,A,Newcastle,OG,12/01/1984,27,25,31,0,180,4,F
2007/07/01 00:00:00,2973973,A,Newcastle,OG,12/01/1984,,0,0,0,0,4,F
2007/07/01 00:00:00,2973974,A,Newcastle,OG,12/01/1984,22.6,68,31,37,1099,4,F
2007/07/01 00:00:00,2974045,A,Newcastle,OG,12/01/1984,27,23,31,0,310,4,F
2005/08/01 00:00:00,2973973,A,Newcastle,OG,12/01/1984,,0,0,0,0,4,F
2005/08/01 00:00:00,2973974,A,Newcastle,OG,12/01/1984,22.9,78,31,37,1263,4,F
2005/08/01 00:00:00,2974045,A,Newcastle,OG,12/01/1984,27,20,31,0,195,4,F
2006/08/01 00:00:00,2973973,A,Newcastle,OG,12/01/1984,,0,0,0,0,4,F
2006/08/01 00:00:00,2973974,A,Newcastle,OG,12/01/1984,22.2,68,31,37,1110,4,F
2006/08/01 00:00:00,2974045,A,Newcastle,OG,12/01/1984,27,40,31,0,200,4,F
2007/08/01 00:00:00,2973973,A,Newcastle,OG,12/01/1984,,0,0,0,0,4,F
2007/08/01 00:00:00,2973974,A,Newcastle,OG,12/01/1984,22.3,69,31,37,1113,4,F
2007/08/01 00:00:00,2974045,A,Newcastle,OG,12/01/1984,27,25,31,0,315,4,F
2005/09/01 00:00:00,2973973,A,Newcastle,OG,12/01/1984,,0,0,0,0,4,F
2005/09/01 00:00:00,2973974,A,Newcastle,OG,12/01/1984,23.3,73,30,36,1184,4,F
2005/09/01 00:00:00,2974045,A,Newcastle,OG,12/01/1984,27,21,30,0,180,4,F
2006/09/01 00:00:00,2973973,A,Newcastle,OG,12/01/1984,,0,0,0,0,4,F
2006/09/01 00:00:00,2973974,A,Newcastle,OG,12/01/1984,22.4,69,30,36,1098,4,F
2006/09/01 00:00:00,2974045,A,Newcastle,OG,12/01/1984,27,50,30,0,250,4,F
2007/09/01 00:00:00,2973973,A,Newcastle,OG,12/01/1984,,0,0,0,0,4,F
2007/09/01 00:00:00,2973974,A,Newcastle,OG,12/01/1984,22.3,65,30,36,1051,4,F
2007/09/01 00:00:00,2974045,A,Newcastle,OG,12/01/1984,26,20,14,0,240,4,F
2005/10/01 00:00:00,2973973,A,Newcastle,OG,12/01/1984,,0,0,0,0,4,F
2005/10/01 00:00:00,2973974,A,Newcastle,OG,12/01/1984,23.5,69,31,36,1119,4,F
2005/10/01 00:00:00,2974045,A,Newcastle,OG,12/01/1984,27,24,31,0,185,4,F
2006/10/01 00:00:00,2973973,A,Newcastle,OG,12/01/1984,,0,0,0,0,4,F
2006/10/01 00:00:00,2973974,A,Newcastle,OG,12/01/1984,23,69,31,37,1127,4,F
2006/10/01 00:00:00,2974045,A,Newcastle,OG,12/01/1984,26,55,31,0,250,4,F
2007/10/01 00:00:00,2973973,A,Newcastle,OG,12/01/1984,,0,0,0,0,4,F
2007/10/01 00:00:00,2973974,A,Newcastle,OG,12/01/1984,22.5,66,31,37,1064,4,F
2007/10/01 00:00:00,2974045,A,Newcastle,OG,12/01/1984,27,45,31,0,290,4,F
2005/11/01 00:00:00,2973973,A,Newcastle,OG,12/01/1984,,0,0,0,0,4,F
2005/11/01 00:00:00,2973974,A,Newcastle,OG,12/01/1984,24.3,62,30,36,1013,4,F
2005/11/01 00:00:00,2974045,A,Newcastle,OG,12/01/1984,27,30,30,0,190,4,F
2006/11/01 00:00:00,2973973,A,Newcastle,OG,12/01/1984,,0,0,0,0,4,F
2006/11/01 00:00:00,2973974,A,Newcastle,OG,12/01/1984,24.2,73,30,36,1179,4,F
2006/11/01 00:00:00,2974045,A,Newcastle,OG,12/01/1984,26,50,30,0,250,4,F
2007/11/01 00:00:00,2973973,A,Newcastle,OG,12/01/1984,,0,0,0,0,4,F
2007/11/01 00:00:00,2973974,A,Newcastle,OG,12/01/1984,22.5,69,30,39,1106,4,F
2007/11/01 00:00:00,2974045,A,Newcastle,OG,12/01/1984,27,47,30,0,301,4,F
